,epoch,train_loss,train_mse,test_mse,dev_mse,mean_error_train,mean_error_dev,mean_error_test,mean_pred_train,mean_pred_dev,mean_pred_test,std_pred_train,std_pred_dev,std_pred_test
0,1,240.7574005126953,75431.20237983986,76947.25914294407,74284.78519062992,238.83067696928978,233.61979098320006,245.84058052539825,8.967253147761028,8.594678726196289,8.262718267440796,2.402554148155116,2.143864922726973,1.9538026752019242
0,2,238.62591552734375,74128.3759850135,75686.4451983867,73047.53844546831,236.140614951849,231.1174638366699,243.30713266849517,11.762443211873373,11.27600947380066,10.892497854232788,3.013041953251451,2.690694847499231,2.479911403135032
0,3,235.9503173828125,72512.93522573153,74114.98850888507,71490.92425150638,232.7913246254126,227.99423668861388,240.10791238307954,15.275859425862631,14.702371082305909,14.204272689819335,3.74534497131845,3.391132187344525,3.1607003892919487
0,4,232.64974975585938,70570.918238234,72232.153729422,69645.94173726608,228.72882519125938,224.22220171928404,236.22412715435027,19.567302316029867,18.8481844329834,18.225003490448,4.625899111813881,4.216482064945081,3.980269027874881
0,5,228.56802368164062,68277.94981327966,70006.27570124743,67492.71745139886,223.9067909212907,219.7083652973175,231.75661521434785,24.755074144999185,23.82718481063843,23.077147006988525,5.658430587675447,5.154165003784866,4.992919855375419
0,6,223.75079345703125,65558.90225082099,67377.5785099664,64950.595063397515,218.13690719326337,214.4412166118622,226.64846578121185,31.042990633646646,29.834444046020508,28.94879283905029,6.884168118076739,6.28154404202479,6.2354477891246605
0,7,217.56069946289062,62383.68379173561,64298.48242325372,61957.093545719195,211.30016367316247,208.05299258232117,220.48177983760834,38.61542616526286,37.1072989654541,36.02561008453369,8.338039514961153,7.635708684845462,7.690060774487846
0,8,210.40615844726562,58770.79891564662,60764.497654643266,58499.13630931005,203.48907114386557,200.64824679374695,213.14490403652192,47.58192302703858,45.81807624816894,44.44267585754395,9.955797943313986,9.14497410424572,9.32708314425866
0,9,202.71617126464844,54691.60492786907,56751.25532704473,54544.34946697399,194.368972432216,191.9373157787323,204.5007261800766,58.21341382344564,56.23559020996094,54.48164695739746,11.742105406174579,10.816129230067085,11.255206816575171
0,10,193.66395568847656,50150.205950526164,52253.104845926355,50131.96279181599,183.7737732287248,181.98883814811705,194.3991963338852,70.80414098103842,68.55967086791992,66.44552543640137,13.782198849999558,12.76245110111359,13.559192106618772
0,11,183.06275939941406,45163.361522930965,47296.348990355786,45282.11176059997,172.16239482601483,170.9509216594696,182.9718769979477,85.7718662261963,83.1934090423584,80.65067649841309,16.194253044574346,15.084707589145864,16.372139288646707
0,12,171.0869903564453,39834.13799758736,41955.12055111134,40126.13105955761,160.4709336189429,159.16237711906433,169.43505273342132,103.53087773640951,100.50236450195312,97.46501693725585,19.109983180982546,17.824072321622204,19.704750239769428
0,13,160.5713348388672,34401.57599161671,36416.499537665935,34854.7419760006,149.43327594478924,147.18976603507997,154.30029839992523,124.39829483032227,120.91332763671875,117.25076126098632,22.609945171988382,21.121254311906984,23.651864999566552
0,14,150.6455841064453,29222.923581302854,30998.986149805245,29810.965877396902,139.48837563554446,138.87828486442567,139.92753915309905,148.65862167358398,144.69634048461913,140.27563842773438,26.77274426324267,24.98628003954877,28.287300266045914
0,15,139.24574279785156,24761.49969061465,26138.26059973456,25443.193209684265,131.1074472908179,133.45127360343932,128.68987130641938,176.44215255737305,171.90701873779298,166.672490234375,31.47657210026917,29.349965724599937,33.67652888230651
0,16,129.7454071044922,21607.34999868406,22384.073706292966,22267.47438637535,125.67348437984785,129.329690656662,119.48287118434907,207.79614588419597,202.61720794677734,196.55923400878908,36.64949116270338,34.114821335699425,39.85317928996196
0,17,126.1139907836914,20408.434072634187,20413.793442189137,20936.511811753768,123.91111585974693,127.12289713859558,115.78749078273773,241.4785922241211,235.67897827148437,228.69471450805665,41.985345733405495,39.102303301903824,46.55315922091204
0,18,125.20973205566406,21422.12985120348,20544.501474050652,21741.778260204825,125.66726840694746,128.40888285636902,117.53418435573577,274.46549713134766,268.2085852050781,260.2115121459961,47.19178224889643,43.85286770998503,53.214152129438695
0,19,126.11504364013672,23656.28372034224,22085.041893033726,23775.22333537693,130.52926008582116,131.43898051261903,123.8455576467514,299.95650044759117,293.5408630371094,284.678567199707,51.19027956415273,47.41820323671951,58.6718053378162
0,20,136.14308166503906,24859.162178443516,23089.82407731493,24905.510293264513,133.29590874711673,133.68336375236512,127.76435403347016,310.51914174397785,304.3899533081055,295.01558868408205,52.774940085407934,48.75575509284715,61.33275587351836
0,21,131.42958068847656,24492.555508261554,22981.604234669972,24567.395287369465,132.51344648718833,133.006194562912,127.50909890651702,309.2011360677083,303.5974697875977,294.098757019043,52.46818909331141,48.37946249772605,61.76268745280774
0,22,137.59423828125,23157.435587080636,22146.170021234397,23299.54470697566,129.52743605017662,130.58358805656434,124.38250527858735,300.15730580647784,295.201708984375,285.809772644043,50.96968449230926,46.925489793040505,60.6025302965865
0,23,133.6945037841797,21483.946238231372,21067.84903063655,21714.768052010233,125.55245242794355,128.14594584465027,120.0245487356186,285.41993916829426,281.1701348876953,271.9487362670898,48.60287038667199,44.709824197643194,58.15033705378291
0,24,126.04034423828125,20170.591333334658,20329.75220690741,20444.637535899958,122.66587131222089,125.75024821281433,116.9901523733139,268.6778020222982,265.07953369140625,256.1164205932617,45.93393237494294,42.24604535430181,55.16095011411341
0,25,124.46369171142578,19442.290239538946,20086.85135434846,19723.265911206352,120.9774749092261,124.40911723136902,115.14129373073578,251.1646401977539,248.1702911376953,239.53418731689453,43.15973046759102,39.69414586200333,51.934850009715795
0,26,121.01884460449219,19327.407160194565,20371.665146778392,19566.538661141283,120.11349948604902,123.86177103996278,114.90067086696625,235.15563486735027,232.67550170898437,224.37391540527344,40.6560356940076,37.37811059532855,49.01202317070221
0,27,122.29164123535156,19655.55563709539,21024.82619742683,19835.70040212614,120.71498614986737,123.87621470451354,116.3227565908432,221.0406276957194,219.00451263427735,211.05212631225587,38.45857455429089,35.32437486860491,46.4998311320378
0,28,122.04531860351562,20220.609543680133,21846.001005159913,20342.591231859984,121.89638716101646,124.24331614494324,118.186205534935,209.38575439453126,207.7316030883789,200.06833923339843,36.66572016022096,33.69748564343944,44.43853712865603
0,29,124.12676239013672,20868.503177824157,22694.782720514002,20926.12364029958,123.32704771399499,125.28830454826355,119.8564579153061,200.0254210917155,198.7326626586914,191.2796371459961,35.26513918642033,32.46799522241674,42.81713336176092
0,30,123.36591339111328,21334.175640159952,23309.831924487426,21332.729527153097,124.38367796301841,126.00936106681824,121.32334283351898,194.1905983988444,193.22502716064454,185.89757858276369,34.506788635171574,31.835861194256722,41.992534917620894
0,31,123.24807739257812,21525.483277348107,23610.97659129452,21476.10335058535,124.74159300208092,126.20629954338074,122.0149115896225,191.48608556111654,190.8315335083008,183.57365600585936,34.332819358457954,31.780743153669892,41.93440374538864
0,32,123.78706359863281,21489.955001917966,23659.396902101675,21400.291518440506,124.59734882076582,126.01279795646667,122.0883522939682,190.99515803019204,190.6273971557617,183.40571914672853,34.58988726743724,32.17016193281323,42.42211590442298
0,33,124.35708618164062,21227.64218098063,23473.169906135034,21112.534940229492,123.96364185055097,125.43842020988464,121.6176833486557,192.66133733113608,192.5494519042969,185.30039047241212,35.305493455081695,32.974570176869676,43.41603194945481
0,34,125.39302062988281,20747.20470305158,23061.328112089024,20620.92915699694,122.81085452755292,124.43560084342957,120.93988305568695,196.65397104899088,196.82087692260743,189.41591995239258,36.525368037343846,34.237764488976374,44.94060053453288
0,35,122.90877532958984,20172.973671317828,22543.20169145893,20053.722209975538,121.3790303393205,123.29832560539245,119.9327810049057,202.21823969523112,202.60865478515626,195.0315022277832,38.08069882615956,35.82130865144739,46.82828054648242
0,36,120.93132019042969,19579.620269527586,22004.591555203995,19484.98004146507,119.86323286414147,122.28752970695496,118.67589791774749,208.95867350260417,209.53250366210938,201.81795166015624,39.90155332810199,37.65507373882533,49.020800369987555
0,37,121.85198211669922,18992.48654382437,21459.63623385511,18939.267870769974,118.39053587317467,121.36989939689636,117.27819406032562,217.47856572469075,218.20776153564452,210.29916961669923,42.1144274171814,39.80657494303064,51.607734856839045
0,38,118.0948486328125,18538.925182319035,21044.2464762119,18527.191431925283,117.4089523669084,120.34739848136901,116.39726296901704,226.65866729736328,227.52550842285157,219.4288720703125,44.52919172299754,42.17340195077462,54.35748671803437
0,39,120.22819519042969,18270.292310791898,20813.931494492997,18312.117260320712,117.01163145422936,119.35449076652527,115.81857675075531,235.48192357381186,236.54451416015624,228.23442596435547,46.922569656042896,44.48169279328065,57.065560866191525
0,40,118.44692993164062,18161.70254506991,20757.082216932147,18250.73937641951,116.83806964596113,119.3890931224823,115.5676232290268,243.22225845336914,244.5312466430664,236.0014924621582,49.165558760735614,46.60931253187419,59.56607132211169
0,41,120.75919342041016,18173.94346425386,20834.120605657354,18308.15211111512,116.73905429561933,119.62803294181823,115.41232018947602,250.39396077473958,251.9463461303711,243.21680587768554,51.35641505189841,48.664216897302595,61.959619276910225
0,42,119.49586486816406,18195.28194192614,20932.223766317024,18335.933916448994,116.57860268632571,119.56787180900574,115.64799966335296,253.5364405822754,255.29283782958984,246.51232330322264,52.76150828337041,50.00052281279798,63.412253870542024
0,43,115.87174987792969,18164.822744310535,20977.575423101385,18271.663799511953,116.36729251583417,119.2512806224823,115.7106553030014,253.74728942871093,255.6600912475586,246.90891357421876,53.605837477437454,50.83688184476043,64.16623488130372
0,44,118.414794921875,18080.17169430794,20980.104930235986,18127.010905210595,116.08846952795983,118.74778208732604,115.63955636501312,251.34920720418293,253.38769561767577,244.70838134765626,53.95616208483899,51.18768403623165,64.3375997446887
0,45,115.9942626953125,17983.96926074006,20979.943727013135,17945.74156620804,115.85253223141035,118.08283579826355,115.64288568019867,247.09942642211914,249.28759674072265,240.69979019165038,54.014563081666964,51.31004217780997,64.16629348555684
0,46,116.38813018798828,17925.472724186387,21026.99545719511,17786.148861184294,115.6090498705705,117.54548075675964,115.87305840969086,241.15269373575848,243.58412048339844,235.05296157836915,53.9151740402662,51.27307526288498,63.746221359322156
0,47,120.0659408569336,17958.044096111345,21150.229742670268,17684.349953512115,115.36174258907636,117.07350611686707,116.14587335109711,234.50248708089194,237.22389022827147,228.7381248474121,53.69101941045556,51.11824191730079,63.241695956403845
0,48,117.5550537109375,18110.422195988347,21380.338766835175,17643.303502877505,115.35541893998781,116.74050013542175,116.72824349880219,227.2876523844401,230.3556169128418,221.9429360961914,53.428478942311884,50.90396935705255,62.676023850948724
0,49,115.33541870117188,18317.13062566763,21637.209637733373,17642.358702296497,115.73927661617597,116.43176707267762,117.43980554103851,221.46953475952148,224.79376556396485,216.51014053344727,53.54577654925321,51.005210979462895,62.39911484717656
0,50,116.9101333618164,18519.67146485479,21885.32280456291,17670.326208701677,116.19432915727297,116.19693263053894,118.20702798366547,217.05697184244792,220.6062663269043,212.31208709716796,53.92862192349103,51.40639016060771,62.41087460339446
0,51,114.23536682128906,18562.763722474214,21980.120299064216,17631.86421514735,116.26347064693769,115.86101466178894,118.49869393825531,215.80074651082356,219.50621139526368,211.2144024658203,54.61718175517999,52.10649295717198,62.93258099581519
0,52,113.77700805664062,18480.560882408223,21951.485954126598,17515.202750379733,116.02459730505943,115.39927271842957,118.49909478664398,216.80190470377605,220.65428146362305,212.3250752258301,55.49771316355466,53.04905297694328,63.79358217796264
0,53,116.8925552368164,18267.79554717103,21790.107164285368,17340.87811523855,115.42506030758221,114.96803477287293,118.07558389186859,220.36307266235352,224.27891204833983,215.92055725097657,56.55042735469421,54.188338631735064,65.00340600977952
0,54,115.67839050292969,18042.123159128074,21618.235967577984,17170.81084148225,114.77341434200605,114.57514201164246,117.48917352199554,224.81554026285806,228.76344543457031,220.32717880249024,57.76523216413074,55.5410561514923,66.39106977733685
0,55,117.20343780517578,17822.208026695444,21443.41442394533,17031.887074460115,114.13383121212324,114.14913371086121,116.72278619289398,230.6061883544922,234.54763000488282,226.0493199157715,59.11301377656686,57.04300590925963,67.96920487009258
0,56,114.07679748535156,17649.392957812983,21295.692597248304,16973.362822468844,113.61989347815513,114.00890299797058,116.16833016872405,237.1080623881022,240.88621215820314,232.38046417236328,60.33027271653606,58.343453743994246,69.36405958226091
0,57,114.08872985839844,17553.824485517325,21218.572923937765,16983.66397466128,113.28085559566816,113.9357744884491,115.99008187770843,242.74812444051108,246.2968605041504,237.87333709716796,61.231445714886384,59.29338409407967,70.40630482013269
0,58,116.08381652832031,17503.858907790698,21158.77711633302,16981.9411269125,113.14124825517337,113.8787806224823,115.96260140895843,245.12621841430663,248.5051657104492,240.16016052246093,61.43544221355375,59.554104380685935,70.64860896297226
0,59,115.50204467773438,17458.070885381207,21103.602417782677,16929.932959029895,113.00464389522871,113.7026755809784,115.86689309597016,245.22189392089842,248.45200805664064,240.21326354980468,61.381314919695534,59.523289500812176,70.51313184673215
0,60,114.72203063964844,17412.80630941448,21063.0260726589,16815.740643091172,112.83821414669355,113.40645075798035,115.7683962392807,242.0591776529948,245.14878128051757,237.0452735900879,61.02637189426697,59.10804401158191,69.87639935059009
0,61,113.45588684082031,17425.892840630368,21084.673769622565,16723.638756903798,112.82266945878665,113.1199393749237,116.06627892971039,235.4800042215983,238.46222045898438,230.5267887878418,60.15549489425247,58.199580240546936,68.57819093017032
0,62,115.56291961669922,17561.01822417449,21235.04009879786,16740.35899986328,113.10664030432702,113.0137449169159,116.71371636867524,228.02226608276368,231.01901000976562,223.18087265014648,59.25827318870774,57.27392968794252,67.21176998941111
0,63,114.3769302368164,17818.401898812957,21520.449290024,16873.64434950704,113.64633515397708,113.03698756217956,117.85883325099945,220.59398495992025,223.69053207397462,215.8869902038574,58.622845999384424,56.551708671679286,66.04756859318616
0,64,113.80070495605469,17939.720905022285,21670.223885238618,16948.14660095704,113.88686903357505,112.97948435783387,118.38997140407562,217.3410186767578,220.4141110229492,212.65797424316406,58.40394998122915,56.24815684983723,65.48113563264809
0,65,114.89521026611328,17870.432328567913,21611.19983908546,16917.584413743196,113.58675136288007,112.92537409782409,118.2493052816391,217.73357414245606,220.68457962036132,213.04640327453615,58.47726956705219,56.23640201590972,65.39901227108942
0,66,112.22132873535156,17687.048378497766,21406.187878194964,16832.951586816347,113.00789045691491,112.92133891105652,117.6483622121811,220.3282012939453,223.07051025390626,215.59503509521485,58.58822854674349,56.25865221627181,65.46290833582017
0,67,114.68860626220703,17390.08830776166,21050.051844308437,16699.48073075165,112.16197683691979,112.89065028190613,116.4691010427475,226.21085924784342,228.61736923217774,221.27783966064453,58.930676086585,56.55176660470818,65.98884065899729
0,68,109.00829315185547,17165.638067250722,20790.89434621956,16614.139934002487,111.48876905798912,112.72918040275573,115.70879693508148,232.7120783487956,234.86629852294922,227.55549240112305,59.87411606233748,57.47887677317841,67.08398514318962
0,69,112.04139709472656,17040.088126700713,20623.492370650973,16585.17013819086,111.1168352607886,112.61206904411316,115.12208093166352,238.6748422241211,240.57988357543945,233.31954208374023,60.86585397486646,58.465895973424395,68.11464883655786
0,70,110.71946716308594,16982.28823931277,20578.8236868477,16549.23136754646,110.81488114396731,112.39722147941589,114.86047616481781,241.1808489227295,242.9221942138672,235.7640182495117,61.71774689339449,59.252857156361294,68.80633299273974
0,71,111.08794403076172,16939.727260105436,20603.130034555157,16484.80826536551,110.48809067765872,112.15562907218933,114.93301614284515,240.01985008239745,241.689375,234.69071563720703,62.186415926355714,59.58666525265006,68.94988578998561
0,72,113.54154205322266,16974.31280453531,20723.227502178055,16411.428176903384,110.30387706478437,111.89647654533387,115.41380372524262,234.22435859680175,235.9353970336914,229.13362449645996,61.95029526091664,59.13923850896276,68.20408756006628
0,73,112.72283935546875,17211.28173390645,21039.601980792693,16471.916187409275,110.81652171810468,111.82584193229675,116.47455514431,225.3902653757731,227.34851303100587,220.76015197753907,61.49965044796127,58.59604411656265,67.15669621970096
0,74,110.5511245727539,17396.5189647494,21278.401208309457,16561.573417095882,111.24695888241132,111.72155680656434,117.42425736904144,220.6764345550537,222.8088671875,216.37230995178223,61.53122758381211,58.652038898464525,66.7868028332249
0,75,111.08307647705078,17343.947870381693,21242.081297948895,16525.323236824417,110.96966411312421,111.56728724479676,117.33311830043793,221.05012540181477,223.0727391052246,216.77908012390137,61.97326054226927,58.98618882654398,66.97807125008795
0,76,110.73500061035156,17163.713660116406,21063.750326550853,16418.208503889913,110.4626513771216,111.3464564037323,116.61437821865081,224.19893999735515,226.03467071533203,219.85283485412597,62.87351055046021,59.703807261597674,67.67290222363795
0,77,112.41800689697266,16891.077995027546,20772.47265349521,16256.788842100226,109.5784100441138,110.98800181388854,115.32499871730805,231.4037877146403,232.8327359008789,226.82448440551758,64.3291116345415,60.87689706405123,69.06573727711657
0,78,111.43302154541016,16754.57464574137,20618.598329788834,16201.873901145542,109.225427993536,110.78995020866394,114.79381066799164,236.52844502766928,237.57324752807617,231.83773208618163,65.27757423693065,61.578197217693635,69.92717349124102
0,79,109.20755767822266,16723.143502958163,20599.83205701664,16195.374831869565,109.03299734473228,110.73772639274597,114.73206117153168,236.53649401346843,237.4462532043457,231.89897117614746,65.41158445030158,61.557001464703085,69.83947681521181
0,80,109.47875213623047,16756.053224297695,20673.077940557025,16204.51420585182,108.98216566443443,110.64007853507995,114.91268037319183,233.12510030110678,234.07687377929688,228.68005180358887,65.32857075162906,61.42087857473317,69.38148064295477
0,81,110.23046112060547,16866.067453643656,20831.407670923254,16266.06839177813,109.29610253373782,110.66960795402527,115.53956712245942,228.08807652791342,229.18851745605468,223.90413093566895,65.10428314148932,61.21862421923985,68.72895862644528
0,82,112.20844268798828,17054.194882003216,21060.797262533502,16383.432578382986,109.81317879716555,110.69239375114441,116.47753251552582,222.33141555786133,223.62516983032228,218.40624855041503,64.59572425245516,60.717387131499805,67.84736059924109
0,83,109.00183868408203,17075.591076435005,21146.6063110373,16398.17253454186,109.78121369401615,110.56440333366395,116.7178599691391,221.30641141255697,222.732918548584,217.58794868469238,64.94582181421445,61.0948887833052,68.07700297889474
0,84,107.97559356689453,16873.28273139367,20995.715669980043,16256.880352469734,109.12014882127444,110.23341212272643,116.01398965358734,225.4586964035034,226.7478758239746,221.74697357177735,65.98022498219551,62.15191567641605,69.20631943677633
0,85,108.0282974243164,16592.084436641173,20781.367326652868,16082.184820344328,108.1366287457943,109.77119654655456,114.93126397609711,234.25356881459555,235.05794845581056,230.2919548034668,67.44443336584426,63.68712002121671,71.08717494145849
0,86,111.69868469238281,16479.2733398731,20717.781107763698,16054.537053433462,107.8067701057593,109.6329431438446,114.72619111537934,239.70406728108725,240.19393211364746,235.58494560241698,68.18670604020242,64.55962517126882,72.09514911429743
0,87,111.8851089477539,16444.18028471974,20723.306449055483,16020.272728215094,107.60170014421145,109.49923304557801,114.71344277858734,237.84930976867676,238.23252059936524,233.78748809814454,67.7595546004904,64.28251696530505,71.67718400713129
0,88,107.95174407958984,16505.816408879105,20840.647608963136,16029.070269717653,107.63223524451256,109.36952654838562,115.11833497524262,231.99760620117186,232.55061988830568,228.25143028259276,67.10688742696091,63.713091294822746,70.83723651242501
0,89,107.61746215820312,16686.19606727176,21037.31683793286,16119.278381465962,108.11885500311851,109.39389330863952,115.91543672084808,225.3041587193807,226.11616279602052,221.9498592376709,66.46619181709598,63.171537811533064,69.81953513250828
0,90,105.54553985595703,16680.636755436055,21050.613156139887,16117.041548351059,108.0106725537777,109.27244746208191,115.9262963628769,224.56632996877033,225.29684646606447,221.29312732696533,66.38371653074418,63.246155057462815,69.69104112715156
0,91,109.28763580322266,16620.837125724156,21004.990491608794,16090.463674930017,107.78719208757083,109.15269404411316,115.76964124202728,224.82576032002768,225.33088150024415,221.48525608062744,66.12879508262569,63.15937528225628,69.4999285385851
0,92,109.7292251586914,16472.36743838697,20860.499268157404,16017.911732648863,107.23567009965579,108.99386118888854,115.31429124355316,227.2729172261556,227.40473175048828,223.6960297393799,65.92547787248895,63.161636856110164,69.51153668281995
0,93,107.35043334960938,16300.424877684172,20697.019875536484,15918.441555628753,106.53833959937096,108.69135287284851,114.71440232753754,231.84156674702962,231.60389579772948,227.9404874420166,66.21672621439895,63.62226934761732,70.00726269288745
0,94,109.08727264404297,16282.937134163218,20686.215676994183,15904.170965434461,106.42758076707523,108.54043108940124,114.72528218746186,230.81060507456462,230.45446083068848,226.9569242477417,66.03757005283275,63.573841372535384,69.69807491707064
0,95,108.1710205078125,16348.604294873761,20759.919025316347,15938.032703924528,106.62510987321535,108.44095568656921,115.06889268398285,226.83117703755696,226.45558723449707,223.20388862609863,65.61300827377607,63.29167340709605,68.96139873147862
0,96,105.0033950805664,16439.66801816927,20863.037172354754,15971.711054269397,106.8749621172746,108.21616675376892,115.39483815670013,223.19057423909504,222.83676937103272,219.7598328781128,65.42302750208611,63.301408976221516,68.46524222095323
0,97,108.42105865478516,16456.97318662123,20895.900290332334,15978.338597425296,106.85382467627525,108.05301733970641,115.50890813350678,221.56031440734864,221.13183895111084,218.0972155380249,65.0637187782574,63.208594620756024,68.08157283204592
0,98,107.17021942138672,16378.476365433764,20814.71239990819,15937.861807159023,106.56019607901572,107.94609984397889,115.33951562404633,222.03667052586874,221.45851398468017,218.41408645629883,64.59196017283467,62.95235721382993,67.81438102288716
0,99,108.4163818359375,16269.70169664702,20743.539969440953,15855.745450282833,106.20744804104169,107.71852557182312,115.16146226406097,223.58681168874105,223.00244239807128,219.9459336090088,64.80302861076225,63.37729400389399,68.19888389367537
0,100,109.5884017944336,16293.16392641825,20805.02844296887,15865.103908062283,106.2206126821041,107.54048693656921,115.33690911769867,221.92609579086303,221.44029487609862,218.45216720581055,64.72485783142245,63.51511125734786,68.02081759185481
0,101,105.84569549560547,16229.156853460869,20785.71493261076,15804.704723387189,105.955952775081,107.25517397880554,115.28943717479706,222.45900124231974,222.0492586517334,219.08029676437377,65.17315847761256,64.12711062371527,68.4152753166912
0,102,105.78850555419922,16238.280424567287,20847.382424998817,15809.299046385018,105.89281839728355,107.00718321800233,115.47181439876556,221.11717070261636,220.8447877883911,217.9949686050415,65.49061054702297,64.77575664961749,68.55477506842945
0,103,104.53279876708984,16167.961822198213,20854.287541750095,15743.149383701952,105.57538816809654,106.60065722465515,115.49081204891205,221.61552914937337,221.45873542785645,218.70841510772706,66.3992582852248,65.93158659371979,69.2733245759646
0,104,105.13884735107422,16020.428964556437,20806.37508821946,15635.78385774434,105.0330551246802,106.13852980613709,115.28539243221283,224.05319053649902,224.05327671051026,221.34939960479736,67.82309885563811,67.49408108181024,70.52914161602463
0,105,103.52889251708984,15921.603634184612,20819.423330944974,15561.078509093384,104.66533464153608,105.71579886436463,115.22923053264618,225.56651751836142,225.85826488494874,223.18062784194947,69.18092939045466,68.97370451294799,71.66002160098107
0,106,104.22561645507812,15785.021700341733,20795.663608010305,15481.080812559947,104.23736329118411,105.27826254844666,115.0445039319992,228.39817339579264,228.9252054977417,226.2941336631775,70.69692621182365,70.58805703931478,72.96814835399313
0,107,105.63331604003906,15731.89434624002,20855.844330048094,15399.800519509734,104.08792433778444,104.67889132499695,115.23796462535859,228.75846703211465,229.59063591003417,227.08862981796264,72.16955677200917,72.08172285984175,73.96350934123417
0,108,103.42040252685547,15620.588482344412,20807.802205852506,15314.030642739694,103.64594768246015,104.23178999900819,115.2264436674118,230.03704964955648,230.81542972564696,228.47201517105103,72.77526530408906,72.76215727353718,74.34355790616927
0,109,102.96852111816406,15598.760865367738,20835.142044785756,15272.843074080087,103.52844326059024,104.00343791007995,115.28799890995026,227.57280699729918,228.39511657714843,226.2089787387848,72.48592113481149,72.61557138867312,73.8237537858057
0,110,103.03426361083984,15548.67710223132,20781.46991899966,15244.494766988117,103.20035421729088,103.90691063880921,115.25762926578521,225.34307478586834,225.84199354171753,223.92960213661195,71.43328627619505,71.72760326112994,72.68522510967074
0,111,104.19697570800781,15607.62529096868,20794.189919065404,15297.883733968287,103.1745622098446,104.01642401695251,115.58955042362213,221.0543785349528,221.23322582244873,219.67187943458558,69.90414007281193,70.29270030273055,70.96040642174721
0,112,103.26466369628906,15556.824872689805,20687.566794964172,15331.406682038229,102.92333965659141,104.07319739341736,115.36936854839325,220.19092167536417,219.98504894256592,218.62872301101686,68.8618492923846,69.28705801501086,69.77393067467169
0,113,101.25797271728516,15369.687822567696,20489.48126051201,15275.803207446728,102.35079108595848,104.00557793617249,114.7476020860672,222.89283363024393,222.39477491378784,221.06552802085878,68.86354228816785,69.28309671225405,69.67720079339388
0,114,101.82254791259766,15205.737891547022,20287.085104470985,15224.824155402854,101.89330406228702,104.0937192440033,114.12276805400849,225.94394029299417,225.20224544525146,223.7439709663391,68.92959705751532,69.26747225468762,69.59978282155686
0,115,104.64437103271484,15362.39171397093,20435.32787555688,15377.78997791661,102.33536016186078,104.13583163261414,114.5960458612442,219.6160297457377,219.0182201385498,217.76242302894593,67.61846178057581,68.1166300729123,67.96697947694703
0,116,103.40259552001953,15700.013498372553,20764.638691914046,15682.874193637525,103.29087896068891,104.5277773952484,115.7074466562271,211.78701795578002,211.46888782501222,210.3751019001007,66.15042132649239,66.78305942645135,66.17147503082279
0,117,103.58566284179688,15624.19968854303,20709.189953710673,15645.883583901339,103.04524596889814,104.42852091789246,115.51818528652191,211.77240997314453,211.7349119567871,210.47456336975097,66.3121824782713,66.8455144500284,66.15765295078792
0,118,100.46041870117188,15163.069258754651,20340.975958038685,15305.43424093983,101.66251152714094,103.83538411140442,114.28451813220978,218.80699466387432,219.12944009780884,217.4803908443451,68.06620775609267,68.43846571235585,67.82724363624145
0,119,100.95231628417969,14686.700600810846,19956.89941519867,15013.744477793085,100.15136218746503,103.55203276634217,112.90518538951873,230.6444994990031,231.25147144317626,229.13764043807984,70.73493441798435,70.77680723675422,70.55898543848491
0,120,100.38990783691406,14570.480719567673,19911.670087555816,14918.23295237347,99.6609851014614,103.1028620815277,112.80328773975373,230.17102384885152,231.25503330230714,228.91839537620544,71.21126423129895,71.24902231006514,70.72244065237999
0,121,102.21601867675781,14987.592603924442,20297.17535349585,15087.897718245498,101.24876347899436,102.8761818408966,114.33329638957977,217.06253375053404,218.58476118087768,216.3495972633362,69.44576456475605,69.64127129914284,68.57794587043061
0,122,101.35379791259766,15105.510798540383,20380.7102485455,15148.692816581264,101.54730871558189,102.86784670829773,114.68269232273101,213.32012345631918,214.91680465698244,212.64111416816712,68.46534336044027,68.75171516707182,67.66078262696885
0,123,97.97579956054688,14288.322058283879,19634.986069469374,14656.874011671101,98.70900826176008,102.21330149650574,112.34328871250153,227.6297398853302,228.95244842529297,226.29653599739075,70.60009324812683,70.75481879131931,69.6167812074842
0,124,98.19056701660156,13984.944865539257,19378.761229273703,14529.381937019476,97.47346696893374,102.32643713951111,111.37489040851592,235.61800780932109,236.86757442474365,233.92063769340515,71.92768427592829,71.93633901844105,70.86382448530212
0,125,98.5832290649414,14036.869889739672,19453.00989545064,14519.120138261993,97.6796316532294,101.87466303825379,111.90831350803376,228.389701795578,229.73669876098631,226.93523999214173,70.61671582087455,70.97134816257658,69.51982835833526
0,126,97.90139770507812,14521.019585952654,19942.933379051417,14785.163296583398,99.1263229183356,101.28835719108582,113.70841390132904,215.18589066505433,216.6021816253662,214.18743419647217,68.36478387084134,69.34364332837035,67.34169047836268
0,127,99.57929992675781,14623.186174652701,20096.293856409146,14890.705768266875,99.38248182972272,101.3043298625946,114.36777253627777,211.47474449475607,212.85235290527345,210.55037132263183,67.85428025273694,69.14783028892178,66.6924652404529
0,128,97.41920471191406,14125.136593338826,19713.407451651045,14610.948277126789,97.533684699138,100.52289566993713,113.16414740085602,217.1195035012563,218.2685905647278,216.035236787796,69.03612367638799,70.43023984204451,67.48989618809101
0,129,97.72661590576172,13413.472372315242,19158.25378164218,14252.917745334738,94.96666482011477,100.60771962165832,110.93396918773651,232.6197454071045,233.53461923599244,231.1089098930359,72.23137678714939,73.73460511141958,70.1987757484515
0,130,96.83821105957031,13330.958816725204,19212.300067167052,14213.28192342368,94.39517639835675,99.94843480110168,111.21119038105012,229.87838576952618,230.93171319961547,228.53827647209167,72.13431213657277,74.06773066627746,70.06507072146535
0,131,94.5442886352539,13668.441572174794,19597.440930422472,14407.55179817434,95.72812332193057,99.63896039009094,112.97018450260163,217.7652828756968,219.23366369247435,216.8810007572174,70.17392284343403,72.45842264206644,68.36133524443527
0,132,93.8712158203125,14033.486127934946,19983.594338199604,14616.787822503136,97.13826550205549,99.86333260536193,114.2907955789566,209.9005267683665,211.85262468338013,209.34700840950012,69.30356445690275,71.55425041997793,67.70618925791767
0,133,94.99679565429688,12959.804854722708,19256.31382679167,14004.870860569174,92.54143498778343,98.30441254615783,111.64557530879975,226.6861812241872,228.57920595169068,225.773610496521,73.45199789044656,75.99760336935981,71.45101390471159
0,134,93.08895111083984,12516.250297171748,19006.0294492273,13978.734395777747,91.19588672041893,99.76513270378113,110.70521862506867,240.88745173454285,242.78533309936523,239.63756106376647,76.8521869821824,79.60101566937507,74.5618533004021
0,135,92.56717681884766,12352.56988800834,19002.706610193884,13800.93167527645,90.06492603023847,98.31245226860047,110.97252327442169,235.96026814778645,238.1343572998047,234.90693053245545,76.66334810324871,79.50538369993819,74.56826344692594
0,136,91.4913558959961,12875.688259521628,19545.937853025687,13928.99995885727,92.20355682730674,97.45654861450195,112.93512973308563,216.19010086695354,218.8763616466522,215.94754404067993,73.7101927834566,76.16778161600509,72.33790436572149
0,137,90.9759750366211,12505.194748032389,19335.730965709634,13723.177427568733,90.55059333205223,96.90255686759949,112.30240853786468,219.17565062522888,222.47398231506347,219.04255996704103,75.12800142922197,77.33903619195083,74.07250022905941
0,138,87.21702575683594,11671.059082700527,18856.446273412035,13553.856294386405,87.1004161743323,97.1665590953827,110.19599726200104,240.71991174697877,244.49152687072754,239.79161515235901,80.346942827641,82.79909086414776,79.22785584401387
0,139,87.52032470703125,11486.667175218254,18964.627988127457,13377.248239879105,85.9593933459123,96.16314225196838,110.26112991809845,241.367635567983,246.00090181350708,240.78397345542908,82.44393588888,84.39662159483952,81.599506845314
0,140,89.11753845214844,12282.131767753208,19681.463081420654,13275.213776268232,88.9795955057939,94.60045009613037,113.00085092067718,213.91939997990926,219.74646697044372,214.84326049804687,79.33481627187389,79.95187295653888,79.14731053041412
0,141,88.93500518798828,11525.069648291541,19271.70201432376,12804.253405096168,85.55837216099103,92.8329850101471,111.26968916416168,223.85171179771424,229.8644095802307,224.24179661750793,82.3596136016503,82.84811406899234,82.12326825458439
0,142,85.75357055664062,10897.85545233044,18932.49720734108,12867.146446418497,82.84528589924176,92.98951659202575,109.16323481082917,244.79727014223735,251.01324771881104,244.63104020118715,87.64321075730389,88.39549181829312,86.79467781161486
0,143,85.31178283691406,10969.11170421534,19101.893049243503,12489.295362828308,82.10625114480655,90.19692496299744,110.15935220241546,227.68653641700746,234.25192523956298,228.17644561767577,85.9620069817156,86.44702225217817,85.65590163144604
0,144,82.85830688476562,11002.870990567084,19021.432236083623,12516.366369156996,81.96390026450158,89.40103560447693,109.93242626667023,222.14919933319092,227.90419384002686,222.48928835868836,85.34938765420198,86.2427813408926,85.1351920506335
0,145,82.98101043701172,10398.046470692248,18414.681939371585,12549.125689261034,79.4078786790371,88.11590142250061,106.75973330020905,238.98454248746236,243.8802589225769,238.85046776771546,89.55916581170312,91.53037976408797,88.35833344828394
0,146,83.43347930908203,10853.486393502018,19071.251747810653,12525.669028951395,80.16576791167259,88.02018462181091,108.98868997097016,219.02941248893737,224.00159477233888,219.49656143188477,87.39964354006706,89.52059076353855,87.51130392302848
0,147,77.15228271484375,10407.048465736889,19021.49739399429,12236.984745717034,77.46925517439843,85.72584708213806,108.30975032329559,224.6255635166168,229.70061695098877,225.36948015213014,91.0109378459275,93.341395944923,90.88850974397198
0,148,76.06570434570312,9904.98860484748,19141.874055472286,12046.595979255248,74.71249454855919,83.66387000083924,107.50794677257538,236.19051329930625,241.8269386291504,237.48729848861694,96.82802699712649,99.25282171418627,96.50233483002401
0,149,78.41410064697266,10095.36762393036,19843.9451975184,11813.091176895508,74.44517975846927,82.70039174079895,109.24322970867156,224.99873483022054,232.8191156578064,228.69843622207642,99.29228966046458,100.52795102360744,99.19103218230113
0,150,75.10639953613281,10128.350448585752,20278.993073017962,11644.082063267497,74.39131217042605,81.26282229423524,109.79708257198334,224.26983947118123,234.1411602783203,230.0503016281128,103.8276971717429,103.95258905274828,103.04952565728381
0,151,77.27091217041016,10226.125971285526,21487.54577124064,13442.550537077146,75.80192627946536,90.61526459693908,113.4454806470871,265.97387996673586,274.98124208450315,269.67402547836303,114.50019480039744,116.23316135917734,113.66154143216332
0,152,82.5679702758789,11549.131841253558,21206.675073029204,11947.892651657028,79.91911963184674,85.00172066688538,113.15009021282196,201.0944385433197,211.95017114639282,209.40082452774047,102.64107910926931,102.04706870005836,101.07787013481314
0,153,76.5550308227539,9936.973158004117,20284.769332477645,11661.715654352414,71.3644441195329,80.39961457252502,109.33818197727203,222.73107227961222,232.0617119026184,228.82599370002745,106.55436980628524,108.05577587145534,105.87539852839986
0,154,72.88785552978516,9412.321789972382,20208.49067252503,12444.602335117297,71.07328364094099,83.22118664741517,108.72048362255096,248.36596188545226,256.9394927406311,252.79204473495483,112.41269875414162,115.34893789107414,111.77919137366769
0,155,78.23507690429688,9672.548864190057,20028.433189670875,11598.360723325464,69.85020076155662,80.24355132102966,108.49001478672028,222.96117857933044,232.90921020507812,229.52100361824034,107.66388851373628,109.68172589768011,107.78322107854866
0,156,72.71012115478516,9794.065639406077,19942.785690961202,11557.389868309307,70.59315160155296,81.1942016506195,108.17254212856292,217.45318181037902,227.32417087554933,224.6816261291504,106.16499508308524,108.60086332503313,106.76407833062319
0,157,73.7239761352539,9249.715984388213,19964.81276169103,13084.5033460608,71.35474354783695,84.96114756584167,110.5659447813034,260.4583605829875,267.7469438171387,265.1942901802063,114.40611806170155,119.09105014941682,113.99890367708335
0,158,77.72145080566406,10126.279232106743,19814.406971369077,11722.673320897416,72.9542684241136,83.72342421531677,108.60497767925263,209.16475890159606,217.37629398345948,217.40477647781373,102.85319248201445,105.96902423137108,103.78847053279613
0,159,71.62479400634766,9931.823579025757,19714.750516942273,11564.05057136471,72.17639537215233,82.87598774909974,107.81517571926116,209.96978232383728,218.14305574417114,218.61014320373536,103.01430703512226,105.99928644457249,103.84989030523738
0,160,69.66437530517578,8623.430358927875,19529.180232917926,12148.885763993878,67.64961408972741,81.0536059474945,110.11063590526581,253.73490768432617,260.9572810745239,259.75768384933474,112.41873630169975,116.45615993656271,112.75467341868992
0,161,71.85572814941406,8829.490171236086,19249.15874582599,11107.263177678278,66.84400174498558,78.07610571861267,105.95256501674652,224.89020683606466,233.57733783721923,233.21448806762695,106.97131784390443,109.29368252936167,107.60966478005805
0,162,68.15473175048828,9700.065231669032,19736.621035420765,11187.633685055696,71.31221365968386,80.822551279068,108.21432811260223,208.9328202374776,218.07664525985717,218.41290338516237,103.78150199198708,105.13485687559039,104.21942632034826
0,163,70.70946502685547,8296.473972310423,19163.441317066838,10880.232201633993,64.20101423939069,75.6765247631073,106.82015542507172,234.9477634970347,243.14806427001952,242.52794494628907,109.1259926625737,111.07870431490413,108.96458056319184
0,164,66.20453643798828,8159.870689988806,19206.713460308354,10885.627435319024,63.073813244899114,75.2340801525116,107.68400475978851,238.15964285532633,245.77417312622072,245.7224627685547,110.04862249721648,111.98732507039597,109.55594316213585
0,165,66.81199645996094,8841.257378517117,19434.77283005539,10807.146003787051,66.44726306319237,77.9871019077301,106.83093287944794,218.66735863685608,226.58471380233766,227.8345292854309,106.30159987618191,107.69794756437972,105.55347248129716
0,166,67.09854125976562,8307.467483334976,19295.934576277537,10782.59839015128,63.50701833128929,76.86099093437196,107.47242505550385,229.45319493929546,235.79988746643068,237.4371249771118,107.97016607946196,110.28466231315522,107.1396632361443
0,167,64.55998992919922,7995.159215624455,19499.274483141253,11141.280816179633,63.07517085433006,77.87626265525817,109.0918450498581,245.36326137224833,250.30041034698488,252.0431263923645,110.88434975985051,114.21498095442549,110.02407162406064
0,168,67.53124237060547,8295.121569637766,19626.701430228157,10915.6054140086,63.25445154865583,78.55964800834656,108.05527980327606,225.67501809755962,232.550390625,234.62499261856078,108.06410190175176,110.4468987207263,107.9051763048063
0,169,64.30472564697266,8709.553340163147,20005.135937921965,11125.499060450244,66.0550507581234,80.79903124809265,108.72311788082123,215.55002572377524,224.36048889160156,226.3440253829956,106.85229551444864,108.63727529879013,107.31558113659058
0,170,64.09247589111328,7702.235146097628,19948.04069463254,11348.262788903772,60.54766020496686,79.24512942314148,109.5951691198349,237.47312223116558,246.51887557983397,247.3602991104126,111.67873825208952,113.42946231450972,113.27279981766648
0,171,62.41630172729492,7604.595839047739,19819.73607448301,11332.508374024592,59.921032063563665,78.9241949748993,109.14739259243011,235.61907695770265,244.95477264404298,245.49142433166503,111.10499788079798,112.7806025846039,113.33097427782961
0,172,62.63956069946289,7932.14612551084,19705.20026668492,11275.56186811035,61.631140696605044,79.99019766807557,108.21739097118378,222.76144221305847,232.01493381500245,233.08816175460817,108.44074685329291,110.10730509483493,111.52090255459417
0,173,62.78312683105469,7452.271855384155,19516.42083182138,11378.300850948537,58.73401587208112,78.69283762931823,108.24747724056243,232.31848298708599,240.7891010284424,241.3230061721802,110.36227915043422,112.51283288433586,113.94668545816053
0,174,60.45204544067383,7789.629361420514,19509.901821976084,11338.897388191954,60.228968563477196,79.69881821632386,108.01789506435394,221.83385757128397,230.1449899864197,230.78871253967284,108.3959790875838,110.76572683737957,112.22583242912111
0,175,60.162696838378906,8106.715916327223,19597.294292079147,11310.105730620007,62.34280810077985,79.94167883872986,108.72410377025604,215.63522354443867,224.071023979187,224.10139989852905,107.80243895807975,109.71237086403046,111.44911748629174
0,176,60.55143356323242,7831.841057895116,20177.597256950805,13318.016174650718,66.13531680782636,87.72577448844909,114.32602887630463,270.6978091303508,277.16870010375976,275.12079959869385,119.87833125230736,122.6257592786799,121.51023614594996
0,177,76.69072723388672,7247.193385181967,19110.485165367274,11154.653928503953,57.2703731350104,76.56133492469787,108.50678797245025,229.60858853975932,238.499612865448,236.52368782997132,112.13372190527907,112.94516795634675,115.43053552836282
0,178,60.92940902709961,9310.899295995536,20224.222436717497,11719.018998295734,70.57608595252037,82.88909077644348,109.9520954656601,199.2697726694743,210.13834577560425,209.1709599685669,105.99217639138746,105.60184761317277,110.58468012709272
0,179,66.82353210449219,6804.393618885856,19255.928520414815,11567.002551342934,55.688792229096094,78.71297987937928,109.07353890895844,241.4852650229136,252.32711086273193,249.06291801452636,114.75268564125834,114.68678217708903,118.93064685122847
0,180,60.85806655883789,7468.785028425258,20376.98236947573,13790.061835790942,64.19680587808291,89.58718819618225,114.87764595508575,270.63578212420146,280.49873624801637,276.836151266098,119.44251154549605,120.69529075811018,123.40603798282608
0,181,72.99568939208984,7687.152794194619,19360.575792057523,11549.314151683771,61.77209835092226,81.53708144187927,107.8937885427475,214.86531418164572,226.29064197540282,224.9314387512207,107.04257664143609,107.6006294465614,112.34674113667609
0,182,60.68626403808594,9124.891036036071,20026.652369048657,12272.857869377462,70.32978765209516,87.17427500724793,110.00496113300323,197.7016292953491,208.49532749176026,208.67469264030456,101.51102874591288,103.00460037951001,106.96835767277373
0,183,66.91280364990234,6752.40705451576,18840.309553493826,11755.854358997494,57.1595266409715,81.65807772636414,106.4956077337265,232.37307903607686,241.3981819152832,240.53745906829835,107.93245692191941,111.10806659322463,112.52532550347816
0,184,59.15347671508789,7094.987506906106,19499.34885284281,13392.957354624696,62.748943596283596,88.32022906303406,111.27223983287811,266.64828192710877,273.5222122955322,272.470119304657,114.25150526243621,118.3183026493034,117.0773992478377
0,185,71.9017333984375,6581.650128551267,18489.105006562164,11543.002059357996,56.699459747076034,80.94686455726624,105.93888803005218,233.87399128595987,240.88872716903686,240.3941973876953,106.31589458890517,109.81840414716906,109.84392972018385
0,186,58.53907775878906,7870.353854180195,19142.954890192585,11641.827050276572,63.90768823027611,82.16407454490661,108.1943220949173,208.13275359153747,215.21101718902588,215.26214968681336,100.5847814752968,103.0900622053624,104.09232376518935
0,187,58.86963653564453,6706.697768443079,18441.588400883473,11174.46443809391,57.3020141128699,78.26595995903016,105.72707693576812,225.45401756922405,232.35222373962404,231.39745526313783,104.68642133124072,106.86624106588486,107.36657294987913
0,188,58.702213287353516,6206.526015725547,18614.462452371095,11823.555680968095,54.92944725076357,82.18679539680481,108.78280642032624,252.78656613349915,260.33294122695924,258.12246384620664,111.64936197585673,113.10632204912477,113.47672625561349
0,189,60.82083511352539,6468.22595131752,18614.712160215284,11037.406281495756,55.36942766547203,77.87321835517884,106.87701662540435,227.35272334416706,237.35040243148805,234.6238164615631,108.31889745301699,107.8355912431834,110.56116876608017
0,190,57.55294418334961,7128.993280204492,19077.653680808347,11169.523867781418,60.16264527360598,78.722016248703,107.42328743457794,214.42857067743938,225.34317478179932,223.1491154384613,107.55429958618022,106.00752641566139,110.17621735178017
0,191,59.75028610229492,6276.642743379033,18869.495224267546,11319.107758687613,53.7197636894385,79.30528874397278,107.68923710346222,229.92761149724325,241.2579752922058,237.99211520195007,112.37706313614036,110.23041945206437,115.56174987724665
0,192,56.25960922241211,6083.275390179476,18953.017099704222,11737.251587696624,51.82092578927676,80.46627827644348,108.28168768405914,236.72778833707173,248.13839960098267,244.71624371528625,115.43574893786892,112.84795383856827,119.10653322760395
0,193,57.84172058105469,7040.289404636484,19451.71649902529,11762.448800681625,58.21868601520856,80.57319964408875,108.80902411937714,213.57617725690207,224.66576751708985,223.10176748275757,111.66953022625691,109.31365353627379,116.30328434905321
0,194,57.98146438598633,6332.737330351281,19183.555983171882,11736.796944982954,53.10575398802757,80.44618042945862,108.15365020275117,224.8738970851898,235.44066011428833,233.81744459152222,114.63932602535017,112.62532138281702,118.4507934133784
0,195,52.91416931152344,5876.331534914865,19221.689206905092,12223.153814043697,51.114278335968656,83.31672160148621,109.24110510349274,245.4151138973236,255.0902178955078,253.26297978401183,119.15326663510281,117.8947163928347,121.54126527357548
0,196,58.426212310791016,6525.4790261698945,19433.771768451374,11736.07567387931,54.77845753709475,80.5503150844574,109.28318135738373,219.32037925720215,229.08079753875734,228.7197724533081,113.61199257674507,112.98557923360396,116.04389257732241
0,197,57.0699348449707,6431.770883150394,19343.34450841189,11611.225360382516,54.755895926555,79.78433691978455,108.9824196100235,219.66432150204977,229.68770999908446,229.34413430213928,113.00192521235714,112.68324765849884,114.40294965506631
0,198,53.91652297973633,5643.291565581,19200.39993904048,11906.48965854492,49.94137134273847,81.92377604484558,110.01419085979461,243.0539637819926,253.2232221221924,251.71616655349732,116.92956914131967,116.78898314819135,117.57739956235298
0,199,56.68842697143555,5682.282173781557,18991.674015216868,11721.848706167726,50.48434171716372,80.79442946434021,109.151514210701,236.08689652442933,247.1208472061157,245.25956908226013,114.87030047446451,114.72971177529034,115.6345326314718
0,200,57.92524719238281,6006.506531801486,18959.891607031455,11663.463030727087,52.83835270921389,80.166365442276,108.45426327228546,224.6132892227173,236.21017957687377,234.51933512687683,112.07874828418642,112.18329919861509,113.55655945651884
0,201,55.213531494140625,5927.557537236534,18969.67127781604,11853.405127201606,51.9299677058061,81.246625623703,108.65109728336334,224.57087376276652,236.99654251098633,234.7636369419098,112.57081832534256,112.34828869447709,115.28248374602325
0,202,52.412349700927734,5414.042283374443,19041.95755691248,12477.643756851987,48.49271391590436,84.44803101539611,109.85956708431245,241.6593974971771,254.59203382492066,250.7162691116333,116.83320707305978,116.05384185861512,120.63707490514095
0,203,53.889976501464844,5729.729524026971,18884.89312515434,12192.34795134162,50.036787472168605,82.46627751350402,108.68106287479401,227.65028339068095,240.48238527297974,237.09595704078674,114.35739159576899,113.32515933913412,118.68442262715834
0,204,50.77101135253906,5673.182732691204,18651.182635599784,12217.23835903836,49.955613893270495,82.40453082084656,108.02039932727814,228.4437848631541,240.03436622619628,237.07255560874938,114.47618858534669,113.51390449930445,118.26298863747265
0,205,52.046634674072266,5595.165400731015,18527.456504748774,12162.545745083555,49.490880108277004,82.26192322731018,107.67603426456452,228.62420303026835,240.02707921981812,237.2049721622467,114.4928535318114,113.51062928392128,117.60757662357516
0,206,49.9930305480957,5351.8287244209605,18434.660484235905,12077.274191306295,47.766283820867535,82.28302350044251,107.6372102880478,232.93286876678468,244.77824640274048,241.78293628692626,115.39665588335137,114.26419284904148,117.44951283709332
0,207,53.407264709472656,5443.5221345495265,18595.19347934042,11978.24878548354,48.60084602077802,82.19016417503357,107.57038585186005,228.34567049662272,241.85451305389404,238.63478509902953,115.14702731047022,113.6772533242679,116.99025185006506
0,208,50.96049880981445,5804.160576455192,18801.901618714222,11831.368371763407,51.66291791319847,81.62008799552918,108.0077887582779,220.74013361930847,235.45645919799804,232.12995953559874,113.81943954458654,112.59283821117336,115.16916406146515
0,209,52.92974853515625,5224.717271128067,18776.939563948607,11996.622137382827,46.915813204844795,83.74213318824768,107.84305349826813,234.67375661532085,249.63859632492066,245.8797161579132,116.93610246588523,115.87293945245544,117.53609672511013
0,210,50.74500274658203,5085.570321772617,19136.405331441012,12754.027556607685,46.840205018122994,87.5006419467926,109.1713864660263,248.77630506515504,263.54471044540406,259.44111820220945,120.13750459542882,119.59566763304687,120.6747966843725
0,211,52.005767822265625,6809.792848131147,19529.43674703784,12080.763614197504,59.741866935491565,82.67781277656555,110.37632496356964,206.85014434814454,221.54830099105834,219.71196452140808,111.11465989547084,111.65435611002103,112.86813498145537
0,212,55.352664947509766,5587.888287911646,18945.624925370157,12007.1072164321,50.013917630910875,84.18407315254211,107.89614905834198,223.69232690493266,237.1718229866028,235.22107404708862,113.42194563497709,114.54154939290183,115.4884604837279
0,213,49.97464370727539,5122.042082948931,19162.452325818453,13036.372624930069,49.65401142160098,88.41422095298768,109.5462379026413,255.80841209729513,267.23207431793213,264.8475181007385,117.90231098656004,119.46855690946327,120.06977918761476
0,214,57.047149658203125,5322.6479602267,18640.502112813432,11848.064960764324,48.74089118361473,82.31143805503845,106.96637046337128,226.72630509376526,237.80837390899657,236.61368047714234,110.776324456608,112.57582229325642,113.66719746936054
0,215,48.89797592163086,6863.181447804283,19373.33588369586,12164.24570104509,60.68868545571963,82.18846346855163,109.56375276088714,203.68171244621277,215.17147361755372,214.52514175415038,105.44083229770428,106.83859202596767,108.32894467095717
0,216,56.69153594970703,5090.231974284558,18533.707594598214,11734.426932381946,47.8270781425635,80.73998747825623,107.5773654127121,230.2117403157552,241.84555690765382,239.90977712631226,110.75876430305443,111.19201984930207,113.35145120615971
0,217,50.30715560913086,4843.064586226757,18638.92767399586,12200.271565726502,47.461524617274605,82.77654952049255,109.15332974910736,247.31777306874594,258.82183841705324,256.39067462921145,114.20566675926631,114.32576773794092,116.15663806186144
0,218,52.44147872924805,5205.078477730298,18518.542165947783,11480.6868487478,48.91511464794477,79.83722765922546,107.55997178554534,225.1305757967631,237.65939140319824,235.6056630706787,110.81249288555018,110.50700050155758,112.12968994840577
0,219,48.32683181762695,6124.106629068463,18916.922719050235,11457.667887171629,56.46294973413149,78.42642548561096,107.74303386211395,210.18162222226462,222.54816297531127,221.1011506843567,108.50724554495471,108.61205225529565,109.2304759063575
0,220,53.40718460083008,4626.2383613982365,18292.10617151552,11653.587171892854,44.76283474326134,81.84802634239196,108.6265206861496,245.30142306645712,256.17438259124754,254.78604291915894,115.83501954607999,116.26353609288385,115.43886908378614
0,221,50.67697525024414,4581.488395642865,18426.864474274273,11686.107523339042,44.3982837108771,82.57349528312683,108.84890918254852,245.75403340339662,256.94492095947265,256.19061212539674,117.19436348338903,117.66601860526234,116.8633452817628
0,222,49.61534118652344,6290.011199340923,19149.714851204735,11390.982815641186,57.487165607213974,78.99738095283509,107.95330231189727,206.94146390914918,220.17128858566284,220.39539549827575,111.55014564925938,111.44747120883078,112.15633088034667
0,223,53.0199089050293,5253.0181275129835,18791.63137811189,11322.136329459408,49.70007912993431,79.3586037158966,106.99759150981903,220.68436789512634,234.5460782814026,234.6352520942688,115.52981678516977,115.03020104550494,116.47772910075564
0,224,48.66828918457031,4528.493221180383,18901.448015624635,12289.016181766568,44.23942912141482,85.86483195304871,109.321439909935,248.25972548802693,262.5380587005615,261.6703335571289,121.17606669931756,120.37791651788963,121.66370270759924
0,225,50.759220123291016,4501.389377975733,18549.73117499893,11686.062927354324,43.63832998951276,82.44025654792786,107.73224526882171,236.36923232078553,251.6109935951233,250.06557899475098,118.33527763966364,117.05132206838378,119.17629500023472
0,226,46.41820526123047,5711.835781979557,18877.468325500875,11372.99400792966,54.02524811466535,79.21285073280335,106.50239096164704,211.27043499946595,227.19141775131226,225.50530980110167,112.71368436629713,111.38245816710604,113.8869543681612
0,227,50.51626968383789,4431.883077763873,18352.928131197503,11620.164633244747,43.967176777919136,81.01741801261902,106.88527093410492,234.64112078348796,250.3682359313965,247.35060249328615,116.51553710389334,114.6576665476677,117.280669089288
0,228,47.387874603271484,4291.442156420738,18351.642971446636,12267.62155931171,43.45996190428734,84.92178881645202,107.95167014598846,248.148733587265,262.9918921661377,259.7514464378357,118.41270562147963,116.71630628393594,118.61325336674227
0,229,49.51127624511719,4601.958533267636,18296.591997709165,11627.852404605821,45.4253123541673,80.51549330711364,106.36334681987762,226.89717977841696,242.28290264129637,239.34127389907837,114.84651625989868,113.27986608684324,115.95302219022132
0,230,46.993804931640625,5364.989290157642,18678.919576097534,11883.53759942512,51.377686593135195,80.51398720741273,106.11376380443573,213.21963327407838,227.9693392753601,226.2494094657898,112.32043243734556,111.33387069468978,114.46214567707791
0,231,49.17384719848633,4369.151142902258,18242.139170202394,12293.588704565433,43.93074662566185,84.62218363761902,106.85884421825409,238.07976646741233,251.1866896057129,250.17448293685914,117.55747434489469,116.43779337778406,119.22637433761186
0,232,47.46438217163086,4555.323707429547,18392.79358107668,12371.398241163339,45.342568887472154,85.27772433280944,106.83904843807221,234.22641616503398,246.94190322875977,247.02027561187745,117.33955906531996,116.21448619712625,119.55317263358344
0,233,47.68068313598633,5103.816587367548,18762.648584062696,12222.009171520569,49.35283308068911,84.05397219657898,106.9004757452011,218.71948318163552,232.24175659179687,232.91196277618408,114.5373566766581,113.67347097375396,117.29948686623294
0,234,45.649417877197266,4665.400535188826,18763.17225621857,11983.287518113488,46.0358506556352,83.37421828269959,107.54169970989227,224.28413789749146,238.6920951461792,238.73080049514772,115.14810839206623,114.14685144708969,117.16971967830435
0,235,46.047096252441406,4211.225840265192,18890.991992064715,11902.349921535504,42.63401894609133,84.53673489570618,109.4395911359787,234.77122224171956,250.28926164627075,249.24001249313355,116.7823460307664,115.27310852192043,117.82368234826497
0,236,43.73677062988281,4121.974017019746,19104.20387234943,11957.106525855539,42.4511200718085,85.6152793598175,110.69422748088837,242.46364616711935,258.3750064277649,256.4860709571838,118.20946079828857,116.48996458686513,118.00431365596702
0,237,46.984947204589844,4356.353034295682,18848.119731763923,11348.104945345623,44.956932793060936,81.44806288719177,109.71439005374909,232.14222371737162,247.29906047821044,245.68051644325257,116.00258183914876,114.45622886297062,114.67796048900067
0,238,46.99026870727539,4918.691296146486,18875.499629417387,11195.198662245088,49.5125272500515,79.06226759910584,108.93000503063202,219.41558382987975,233.63946880340575,232.61458883285522,113.67439354118758,112.49175206412825,112.1790242015599
0,239,45.60309982299805,4178.153297582127,18782.068080602083,11461.792120980472,42.747668915192286,81.01013348579407,109.85267618656158,233.24790611584982,246.7811816596985,245.95527413368225,117.16781563838806,115.37808143477264,116.3557249083036
0,240,43.55390167236328,3981.9440429868364,19158.578382218708,12298.986955981329,40.26384420752525,85.61561486244202,111.33192655086518,247.23792280832927,260.412252407074,260.31725315093996,121.32892091483968,118.63932981721965,121.7499108094341
0,241,48.177818298339844,4553.961221182787,19188.73477806142,11987.601483405128,45.17150122523308,82.28700234413147,109.63229966640472,223.85538972695667,237.85173894882203,238.96142601013185,118.83808085014039,115.89398697983593,120.8079629129596
0,242,45.91583251953125,4688.407233548777,19389.39900722842,12274.267506879083,46.056777665217716,83.34800818443298,110.07209245204926,223.8760784848531,237.84909999847412,239.954497756958,120.39691689484118,116.71848036791438,123.54781231560972
0,243,46.7359504699707,4269.873811718272,19627.453818556012,12731.382955634124,42.10683976531029,86.78441391944885,111.30435714244842,237.74959531466166,252.13125478744507,253.69871938705444,123.36603006195246,119.27597705806727,127.03332829522137
0,244,48.551883697509766,4188.378431383433,19521.321304880694,12457.03411767472,41.31549867510795,85.01061318397522,110.76457065105438,232.83272394339244,247.93994634628297,248.85710977554322,121.57804188382019,118.11632243627949,125.4904910827806
0,245,42.3315315246582,4231.275451327031,19230.0996203731,11982.983893240593,42.35024736126264,82.02632563591004,109.76268729686737,226.33565324783325,241.34682006835936,241.62056196212768,118.46322158306187,116.16977925170858,121.5938594221244
0,246,41.768001556396484,3768.039935261,19136.024441930607,12184.74107319152,38.686581502358116,84.13802447319031,110.19377197742462,240.96055908997855,255.80452430725097,255.02147826194764,119.70235937568917,117.96028107717689,121.859908113774
0,247,43.11284637451172,4137.463109077616,18935.44970689837,11610.05968688875,42.784675337870915,80.64280188560485,109.06060936450959,228.29800613085428,243.74529178619386,242.68827773094176,115.83639358619216,115.04393094317862,117.38932474304688
0,248,45.04500198364258,4538.271826539544,18841.590152977304,11377.144761271318,46.804903409083686,78.60961119651795,108.25804123401642,221.14243841807047,236.01051624298097,235.41938673973084,113.24208643849643,113.64961706370715,113.9583560015407
0,249,43.11168670654297,4019.2864469938027,18807.214621056683,11481.87564430045,42.54835027734438,81.2415868473053,108.34190517902374,231.9285271803538,246.70510320663453,246.1842077922821,115.58669320170694,116.22068341480751,115.92529536052986
0,250,45.15363311767578,3980.3371090475175,18892.19269235371,11554.208032405326,42.46019423206647,81.46568881034851,108.27934554576873,230.72166928927103,245.24920097351074,245.56443227767943,115.9073701261644,116.31979569972908,116.50131084537323
0,251,42.51742935180664,3633.8578789812786,19245.66143988199,12178.433408132689,38.76099728941917,85.4456983089447,109.65293670177459,241.65952244122823,255.60437580108643,256.78152143478394,119.54369945597855,119.04901261693347,120.95216251970002
0,252,41.83399963378906,4165.928145042847,19253.992523699068,11978.558082268904,42.9604078344504,82.06565222740173,108.49866022586822,223.91425630728403,237.6788374710083,240.00588913917542,117.46710180157145,115.80933176762353,120.39985180686297
0,253,43.39699172973633,3862.4594189013796,19496.571561436856,12581.053037291482,40.75091989239057,85.65528265953064,109.73813701152801,235.59600957870484,248.9001781845093,251.41578477859497,121.68619680976356,118.29483635291031,125.28953478844824
0,254,42.98625564575195,3989.020952203433,19873.900987987356,12803.557263856703,41.30055962920189,86.6793986415863,110.91017709255219,234.10750478426615,248.29573711395264,250.58651458740235,123.05016537266945,118.70166406348979,127.6069033925654
0,255,42.11076736450195,5007.506300996722,20223.525404584318,12538.900673602904,49.34694810271263,82.80353323936463,111.73593994617462,211.9542945130666,226.56782321929933,229.485070104599,117.85446371554849,115.04915735129191,123.37558394015255
0,256,47.795230865478516,3843.054859984998,20101.81706545003,12440.404918139275,39.61282369653384,85.30138133049012,111.9424207830429,232.00542153358458,247.0574536895752,248.75356349945068,121.80009514053053,118.24283813670604,126.16566124118611
0,257,41.212059020996094,3873.950882250991,19778.6243573459,11875.761523237108,40.610810811122256,81.77477580070496,111.26207928180695,227.2342392730713,241.65054878234864,243.30938822746276,118.71773355282355,116.68789959931642,121.7158660301138
0,258,39.95672607421875,3614.4492801898996,19615.525838263817,11742.311461441908,38.41823320587476,81.96198828697204,111.40680008411408,233.77019681135815,248.12880634307862,248.9192016506195,118.9928519607982,117.65759824652334,120.30594412213162
0,259,39.4237060546875,3744.8579420187184,19404.10480742638,11490.740775518752,40.37144603610039,80.53652316093445,110.76707784175873,229.99972599188487,243.97151176452635,244.89644435882568,117.39095674498769,116.67409005371289,117.74720266312218
0,260,41.04629135131836,3650.882553228591,19498.844220523042,11649.353066644133,39.175789739688234,81.27417620658875,110.7562611913681,231.49645338535308,245.80055152893067,246.97538951873779,118.33806972643671,116.89305964997038,119.05971283916327
0,261,39.60872268676758,4168.437252263382,19664.94013590559,11784.278162923507,44.27522860566775,80.9236214351654,110.18630435466767,220.71365758895874,235.33920566558837,237.5465387916565,117.32683394874356,115.02993899590346,118.96651019111818
0,262,40.511940002441406,3606.4731796533756,19979.34436420517,12593.138023960772,37.31379751086235,86.45276965141296,111.8119956922531,241.17127018769582,255.99683052062989,258.1951461601257,123.56588031145343,119.45817815413446,125.0333358605674
0,263,41.170955657958984,4271.164728551325,19661.106628532627,12149.005553229335,44.21261727054914,82.50142560005187,109.5383753824234,220.70128403663637,235.17427659988402,238.77336773872375,119.89002003026386,116.47111592765529,122.0117671876236
0,264,42.27462387084961,3615.601058020699,19716.741088926938,12699.10561413629,37.734206842184065,87.46268219947815,110.42434066295624,239.7166607761383,255.07103048324586,257.05775510787964,125.33373792003856,121.53878522334425,126.65653864667665
0,265,45.60559844970703,3697.9900010371316,19443.00409232406,12221.973154748315,38.88237920482953,85.16551671028137,109.11806075572967,232.21815916061402,247.6650170326233,249.00436750411987,123.82971545437618,121.2008924283513,124.90317039486406
0,266,41.70480728149414,4326.671000836971,19476.26275599335,11712.568623506262,44.90923582116763,81.05558527946472,108.79743180751801,218.4770837497711,234.3812934112549,235.15508842468262,120.5616536814657,119.05424817168141,121.09747856020546
0,267,42.085357666015625,3351.720674173663,19780.73030708291,12552.077571977503,35.429601307312645,88.00458498954772,110.79597573757172,244.8440633614858,261.997611618042,260.7948852539063,126.0457716545441,124.46654866855289,125.915101563886
0,268,43.28718948364258,3283.755678080698,19838.925242400925,12429.347338911071,34.36091330567996,87.34017548561096,111.14565563678741,243.83084376653036,261.41794149398805,259.86234614372256,125.02159876638812,123.37306451775946,125.22554161952175
0,269,39.388771057128906,4659.360779846809,19840.876307685736,11681.363931660186,49.35095483183861,79.43684502601623,110.12264999866485,211.79813359896343,229.62930898666383,229.02467429161072,116.97063499762628,115.41641423709633,118.58549526410832
0,270,44.693084716796875,3405.3433612698736,20022.198438337604,12355.037283117194,36.73134456038475,85.7672235584259,111.38805279254913,233.82845801989237,251.89004236221314,250.79516894340514,121.1879418605341,118.8337824015692,123.99585224333754
0,271,37.59197998046875,3378.825299368728,20506.11179615742,13378.72604492704,36.323322765429815,90.94616263389588,113.0040844297409,247.7036858510971,264.879034538269,264.0138105201721,123.22024924673111,120.72569508690282,127.00654849709196
0,272,44.12339782714844,4105.419041245317,19693.815618756922,12279.350591461463,44.287476927836735,83.5163489818573,110.2349610567093,219.7780669371287,235.00940490722655,236.36651629447937,115.4305837325722,113.8869196221057,119.639503277596
0,273,41.454673767089844,4016.2983179822268,19385.693276371247,12182.268596423446,43.2589312573274,82.71992053031921,109.46380497455597,221.34856273492179,234.5601377105713,236.9669378185272,114.85643122907591,113.90175646917773,118.8223949603673
0,274,39.274600982666016,3436.036210635885,19520.59052808702,12918.43207906079,38.36009355743726,88.87399146080017,110.10019003391265,248.8204283761978,260.5097585678101,262.61504277229307,120.70953332413453,120.07947681183197,123.74074397447569
0,275,45.39625930786133,3808.3853762233553,18955.549130022773,11896.165875424034,41.590499047040936,81.43975668907166,108.5950262594223,224.3649090941747,236.01991130828858,238.30494972229005,115.1864993037647,115.43597774262524,118.0122178453113
0,276,40.70347213745117,3939.015205259894,18990.229217552624,11795.104749278746,42.96961915373802,80.41064396858215,108.42140306949615,220.22660691897073,233.2658513069153,235.0045848941803,115.97594809082545,115.66696455314428,118.46714903278554
0,277,38.648101806640625,3125.1076909932717,19388.84520552671,12422.978670744784,33.70395705421765,86.16760510444641,109.57713176250458,239.7825532611211,255.38154916763307,255.63247964859008,122.9518940498137,120.70879903108654,125.43498933538815
0,278,37.53309631347656,3169.333812371419,19958.5268169935,12667.240909769367,33.98634083946546,87.34583903312684,110.87050102710724,238.34556685288746,257.4261821746826,256.45542395591735,125.82844443431382,121.89217443649127,128.78208163754246
0,279,38.16283416748047,4556.302454493591,19950.088193879452,11944.087461657598,48.7256819220384,80.47222056388856,109.58021359920502,211.79899960517884,230.94807640075683,231.79186191558838,120.7367408921211,117.01582849087913,124.06878009544243
0,280,43.906307220458984,3500.664672280106,20096.31654894218,12328.73503270525,38.12864490389824,85.42694424629211,110.51043416500092,229.26043907324473,249.69371133804322,249.75907741546632,125.20243670522203,120.96718012725776,128.7730411674819
0,281,40.99605941772461,3401.558632057811,21279.480594137833,14467.111015296061,38.318540179332096,96.78780306816101,114.42320280551911,261.7685762818654,280.2989827728272,280.1466601276398,130.30700474772536,126.65127673691511,133.8571156664917
0,282,49.85092544555664,3494.0330907193743,19452.369244281934,11751.16969130232,39.047471224864324,82.3625590801239,108.59117858409881,225.65938996950786,242.0845849609375,244.39634267807006,120.10878985019684,118.27418289825575,123.55462601007996
0,283,37.6389274597168,3861.1521296310625,19243.955990316175,11514.633866435765,42.6656426735719,79.50276686668396,108.44283483028411,219.67317711035412,233.09354053497316,237.13163394927977,116.3970214876738,116.05764513697724,119.61020886497562
0,284,37.50228500366211,3189.9892750924105,19244.269268181437,12045.181984865716,35.92738779266676,84.85236598014832,108.94525058269501,242.0980028518041,253.34189529418944,257.68985971450803,119.82013712904447,119.75363149758176,122.63873153864984
0,285,40.51137924194336,3258.9418995023075,19079.572223145977,11816.861845041938,36.825931937297185,82.76973746299744,108.65173576831818,234.43826195716858,246.4343720626831,250.2108919429779,117.6658308877203,117.17638567364031,121.27091893753553
0,286,37.82341384887695,4404.958824269685,19329.037414798182,11720.735615352318,47.854626702070235,78.03137495994568,109.41629637241364,211.35604377587637,225.456681098938,228.32189015388488,112.48720292547623,111.63673833799338,116.9258581291713
0,287,40.41998291015625,3154.1065289347594,19679.06687712759,12313.421246977896,35.231150447130204,85.74123526573182,110.79404791355132,236.16162735064825,252.98362438201903,253.21605938911438,119.84481196460288,117.09007187507177,124.73223406468442
0,288,36.46684265136719,3113.9829461598665,20462.497848916,13388.00354613959,35.6211522034804,91.13244566917419,112.86204567432404,250.17313634475073,268.25319660186767,267.10253447532654,124.3097462868547,120.32684667941899,129.4629967594581
0,289,43.663490295410156,3684.173210119018,19643.731920319107,12098.495652890862,40.68205032229424,82.80281317710876,110.31698555469512,221.74994147777556,240.34813381195067,240.014677028656,118.95448459422464,115.3036526546534,123.5758193498459
0,290,41.07326889038086,4015.2421501600984,19505.88699190219,11916.946455531664,44.53175216317177,80.69434098243714,109.44034314155579,215.17354644060134,232.78357168197633,233.56298936367034,117.43109081030985,114.0425021232168,121.33577144176822
0,291,43.127716064453125,2876.765722173244,19739.728923497976,12883.971112347068,31.649576041301092,89.82364340782165,110.15746101856232,245.92163811683656,262.231356010437,263.2070732021332,123.78689723646704,120.29926110074413,127.0726772476625
0,292,39.699676513671875,3279.8766561344823,19155.310678176502,12084.991739361589,36.68385409792264,84.16239550590515,107.66632629871368,228.1367230073611,242.7554891204834,245.56100333213806,119.37268698736649,116.8953994837899,122.37848946433435
0,293,36.979854583740234,4233.9535693580765,19263.14188207189,12023.200008437405,46.50144978960355,81.22666430473328,107.34893475532532,212.72863942861557,227.01756309509278,230.58450290203095,115.72975890811475,113.75772254531432,118.65299255981003
0,294,38.888404846191406,3062.9087696323563,19318.64001234694,12625.998034923385,34.15538023749987,88.39634413719178,108.2725326871872,238.96428795893988,253.54644168853758,256.4243451881409,121.61018358054648,118.8544087283571,124.06083623535636
0,295,37.223121643066406,3028.9742090446857,19366.156031555114,12596.46762681981,33.72664500117302,88.24192923545837,108.5325298166275,237.9747202094396,253.94306591033936,256.02504490852357,121.39928980498324,118.27017849166849,123.53757790817868
0,296,37.37221908569336,3760.209006071373,19106.188548723527,12035.919888877803,42.29627545555433,82.86553322792054,106.93596759319306,218.82458788077037,235.77487379074097,237.26528291702272,116.80636003220461,114.0697324399714,118.73263542674754
0,297,39.86905288696289,2964.970002123305,19042.85709086699,12430.30313016716,33.460405251582465,87.12083292961121,108.17517323970795,237.5907486597697,254.49720275878906,254.51660762786867,120.21170532284498,117.2214356179183,121.5224645165393
0,298,35.56146240234375,3028.1719713379525,18823.590650967377,12239.983660263042,34.31635477105777,85.48061633110046,107.55623919010162,233.43527570406596,250.26176704406737,249.85505260467528,119.34288900858385,116.34581996237544,120.55548347509944
0,299,37.44828796386719,3812.1748781502315,18795.44552062291,12053.183929790719,43.537474063634875,81.74281773567199,107.4173308467865,216.70956483840942,232.56299829483032,233.08753760814668,115.44693698008892,113.37683054270019,117.30256393167326
0,300,38.91819381713867,2888.754801407544,18809.347366819264,12662.04340493579,32.43880965034167,87.74341422080994,107.79016248226166,239.26775115728378,253.91046154022217,254.28928562164307,120.11413471336638,117.8187174087655,122.13015654513963
0,301,35.65738296508789,3205.9318461565613,18790.94657378231,12441.12487441393,36.58900267481804,85.14608683586121,107.95635755062104,227.98933637460073,242.30776733398437,243.31354251861572,117.946908457191,116.10160984130556,120.74068580064782
0,302,35.907806396484375,3226.4619518821683,19166.67854611048,12635.4521233499,36.64136588931083,85.9535543346405,108.78588313579559,226.63087183793385,241.70632690429687,243.17378503799438,118.66581611233113,115.98643004662398,122.61004040750501
0,303,37.09877395629883,2949.0542612385093,19650.20385915666,13076.87281400747,32.89131756186485,89.29216086387635,109.93307223796845,235.3877454249064,251.70098949432372,252.8616689491272,121.4711016484468,117.68247701144556,126.20416099428544
0,304,36.670562744140625,3030.9827663968094,19585.897103719966,12835.019807475359,34.14354539434115,87.75098994255066,109.79941260814667,231.55338718255362,247.63495635986328,249.3985901451111,120.22115622839657,116.5678705898975,124.86804753879302
0,305,35.45132827758789,2966.8996932809723,19407.798124198216,12632.095892387553,33.52432341456413,86.80895205497741,109.20382113933563,232.30307749907175,247.54020011901855,249.66592851638794,119.6641461497759,116.48317160593254,123.68290015549351
0,306,34.26792907714844,2846.843776913964,19168.91588691318,12461.828177832527,31.992334017356235,86.29649054527283,108.58642624378204,234.92205533107122,249.3859817123413,251.56323073387145,119.60669687642783,117.22755111806477,122.87727734160246
0,307,34.6845703125,3459.50026588431,18822.181965261992,11943.474884974896,40.145226658582686,81.43731762886047,107.96478659152984,220.964068163236,234.48933443069458,237.07960029602052,115.6706181177974,114.83949256552307,118.42681910186238
0,308,35.571529388427734,3087.4519213903127,18697.89566729004,12036.489995960035,35.48863296310107,82.99474562644959,107.5731522846222,228.8470631480217,241.72167362213133,244.1642711019516,117.46919907296295,116.87908940790848,119.90202046486654
0,309,34.94952392578125,2702.9207094895637,19230.335582314343,12876.673582302063,30.89435682018598,89.44495604515076,109.01022238254546,246.47670369466147,260.0669539260864,261.6499702167511,122.53515789972008,120.68365636487252,125.31779737486993
0,310,38.39021682739258,3588.843663671726,19153.5682569364,12053.78657345701,41.83927595178286,81.65987273216247,108.28796316146851,217.37116580009462,232.79708637237547,234.6052137041092,117.52400468266289,115.22830640507857,121.45490957674397
0,311,36.52754592895508,2853.712676916513,19474.300117629646,12608.534026930602,31.95940715432167,87.1669976902008,109.1500208568573,232.98292740424475,249.78921590805055,250.3980098295212,122.67301847081924,118.96913193167435,127.0322138255644
0,312,32.9770393371582,3185.3039986559183,19413.527738764908,12322.28278732345,36.77147067983945,84.67513169288635,108.9951545715332,224.16340382496517,241.40897787094116,241.91305372714996,120.60054226349381,117.11853824125171,125.01605715398705
0,313,34.269344329833984,2749.3374064094855,19390.309407242163,12587.488043074756,31.03010276754697,87.37171572685241,109.06623123645782,234.82132919549943,252.23965446472167,251.92609968185425,122.29830401508681,119.20903114381356,126.19015232166066
0,314,34.11138153076172,2801.2874628151753,19040.791237004058,12210.515615644617,32.211104943354925,85.37151854515076,108.3369604587555,231.98714462916055,248.5022261428833,248.495093665123,120.20824646692148,118.24462137454266,123.43211755385445
0,315,34.955360412597656,3316.881135786084,18994.052240546505,11935.071699021826,39.05227737466494,81.95817698478699,108.17421370983124,220.76834822654723,236.67828292846679,237.42776991844178,116.77275092536138,115.45792195122698,120.28011133304483
0,316,35.44200134277344,2654.8964232733474,19070.42029950986,12443.989147051838,30.46037784934044,86.997481508255,108.35055557727814,238.06858869552613,254.07486085891725,254.1392800807953,120.62502028948137,119.18943518488499,123.89457591114518
0,317,34.002540588378906,2959.124056139826,18979.117203680682,12143.848967372942,34.87865997195244,84.0637111377716,108.26748237133026,227.77225244045258,243.9430359840393,244.26390226364137,118.20928631653962,117.03321082286509,121.6834368080897
0,318,34.73759078979492,3367.2023931093872,19143.06098614304,12154.197877824074,39.58357256611188,82.51623446464538,108.90291381835938,219.87358008384706,236.22575477600097,236.8868696451187,117.02676126149734,115.56356888446832,120.82622007758397
0,319,34.44972229003906,2627.542062090241,19693.437595210853,13376.490786109478,30.617644625902177,92.07922522544861,110.31107956409454,248.36519977649053,264.60991634368895,264.37820364952086,124.14394773064718,122.18641917539063,127.56742372084375
0,320,38.89926528930664,3432.385676155783,19178.88864821797,12144.60409026457,40.6785780052344,81.81916995048523,109.21104120731354,218.1438646062215,233.9814167022705,234.96699326515198,117.06375649886122,115.63066382613755,120.56501292802254
0,321,34.71113204956055,2856.6374864381246,19060.51692894479,12243.251995886145,33.94002157330513,84.10282113075256,108.77973396778107,228.09506709178288,243.81172117233277,244.46438590049743,119.65304536303644,117.88372549106626,122.48601406421153
0,322,33.125762939453125,2555.9160797476925,19602.14141386102,13379.079552213652,30.040396754344304,91.74667140007018,110.42875475883484,251.75320514361064,266.44115615844726,266.9813303518295,124.97473726980108,122.45353740050184,127.03959422421173
0,323,39.85403823852539,2910.934234018534,19009.794357445102,12102.901131760585,34.8900875278314,82.28068310737609,109.0480972290039,226.24722580194472,240.9211487007141,242.53400854587554,119.56751604022587,116.5063625900439,121.73998609135774
0,324,32.73460388183594,3881.9321677973376,19123.57657552697,11973.795389633378,46.35664662321408,79.21173008918763,109.7545205259323,211.26937303463617,225.48071725845338,227.81223269462586,115.67972208639627,112.3941863980112,117.89874417345472
0,325,41.2585563659668,2550.706252047984,19523.29389529878,13275.60141379863,30.183711662689845,90.29561121940613,110.15672141075135,251.27867736498516,265.6500743103027,266.4287556219101,124.6467922744193,120.59860614083571,126.41791346713482
0,326,40.01191329956055,2582.9081013317905,19030.72560869715,12400.367472565897,30.03238975405693,84.96553641319275,109.17982775211334,237.76535949865976,252.35408977508544,253.44466431617738,121.26953981902605,117.1184051448508,123.18429090748671
0,327,34.74257278442383,3902.301526128411,19023.846376943857,11940.382168930666,46.573528493642804,79.04360877037048,109.78018301963806,211.00439174969992,225.11224254608155,227.39315558910369,114.85518379563617,111.12448667319111,117.21310617416742
0,328,40.76344299316406,2621.957384194641,18923.384391523614,12307.897142400872,31.04792940020561,84.87084044456482,109.27210755825043,233.8433829832077,248.21534900665284,249.73994590759278,120.10268698679678,116.32883578839954,122.61084470021825
0,329,32.025203704833984,2470.8571515214976,19186.002366071283,12780.176026380104,28.399619485139848,87.68256308555603,109.29825724601746,239.89171296199163,254.82215404510498,255.95484399318696,122.17218836253984,118.38168128212335,125.30240756157666
0,330,33.41181564331055,3734.6038126008975,19283.051620036586,12273.530831448203,45.10463980952898,81.62711728096008,110.0149695777893,211.8592225162188,227.4372023200989,229.6324470949173,116.45194538404643,113.12326153534185,120.85119659804043
0,331,39.420902252197266,2553.8960857299194,19530.857382916125,12924.100958854431,30.176799601316453,88.92679711341857,109.72344878673553,234.12023850282034,250.59806089401246,251.8714425468445,122.62625764786539,119.03973254834915,127.51347382386784
0,332,34.05548858642578,2567.3892784988784,19803.593066146346,13111.005959155173,30.176572808821994,89.98720923423767,110.30721127986908,235.22650852123897,251.7692679977417,253.35613246917725,123.428450305196,119.62680029907513,128.8695680626334
0,333,33.5274543762207,2798.5974244870113,19869.49919091318,12893.824051620073,33.47687182625135,87.98589678764343,110.53306313037872,228.4896531120936,245.13261711120606,247.3069036769867,122.59968381772231,118.61133836862783,128.21473812458942
0,334,31.862045288085938,3210.1572517236223,19735.242848185735,12575.548066265108,38.98409647663434,85.02731324195862,110.53022710323334,219.85023161888122,236.92981039047243,239.10805362701416,120.27978164792871,116.59967248834764,125.6791007718757
0,335,31.96907615661621,2743.406802198345,19298.931475228892,12490.506839582553,33.31630401015282,85.98031596183777,109.03089111804962,228.81780634244282,245.14275451660157,246.50351134300232,120.67797039889498,117.50827025981759,124.75027228497268
0,336,31.02769660949707,2433.3006487156717,19167.788295946495,12949.311750781848,28.140160942475003,89.5939409160614,108.96555041790009,243.72379463513693,258.7171115875244,259.3277639198303,122.45575846595722,119.6091591082497,125.48651368379848
0,337,36.99714279174805,3237.5221697887337,18559.265332738647,11999.784319564918,39.72459519584974,82.16210328102112,107.54296340465545,219.82190691788992,234.3746851158142,235.75043226242065,116.28187172459042,113.5324970344116,119.09810887793205
0,338,35.52150344848633,3269.591375593067,18487.741761058147,12005.034136304002,40.019212607145306,82.17571187019348,107.45229477405547,219.1665959437688,233.78323022842406,234.70603568077087,116.16925407931068,113.22671108861654,119.01942902459415
0,339,33.8257942199707,2422.4590931914086,18834.45977133421,12954.066358068194,28.683990528980893,89.16209269523621,107.74917165756226,243.78898772160213,258.294501953125,258.00460590839384,122.35333990298109,118.81547330931481,125.31159429730174
0,340,36.618133544921875,2567.4365351266474,18902.519569527343,12692.643567507277,30.576674232085544,86.8585035610199,108.50980840206147,233.72298754930497,248.7730286026001,248.8276674747467,121.41761345993771,116.93603209548458,125.14165346737873
0,341,30.00993537902832,4766.396713798464,19624.584111715005,12532.750767557607,53.65298374772072,81.16072173118592,111.49554906129838,200.97792646328608,216.17031658172607,217.8036342740059,114.41428804418851,110.10797264294965,119.07835441661874
0,342,44.69226837158203,2823.0656412693857,19467.89673152192,12830.764638962304,34.09025668183963,86.96801434516907,110.97648626327515,225.81780033747356,243.28451066970825,242.30417809009552,121.86230322443608,116.5727877040796,126.841641029459
0,343,30.666547775268555,2343.153217505355,20075.7049384579,14176.34484192153,29.040708047151565,94.55173768043518,111.83363402843476,250.94518610715866,268.5849623680115,266.30690459251406,127.17585950301645,121.81908937291495,131.63404717213217
0,344,39.932090759277344,2970.755106078749,19401.966520371705,12611.40818945576,37.1178718094031,85.38357504844666,111.44922147989273,221.692492351532,239.3695434188843,238.56349487543105,120.46974143145005,115.75134614320378,124.76923430695688
0,345,35.0380859375,3042.708611010635,19232.675707351395,12432.518321229225,38.43833718101184,83.97409178733825,111.13815710783005,219.91494051059087,235.9980456161499,236.33891258001327,119.12238098901997,114.85529241813471,122.82160110068102
0,346,34.135066986083984,2310.3368518908956,19121.912059109873,12953.788830849291,28.236084208885828,88.69530652046204,109.88638178825379,241.562342543602,254.78695985794067,256.2954559659958,122.30414074123449,118.5092995400086,124.92622398600813
0,347,33.937294006347656,2701.7000718494196,18878.23301207105,12408.844337999895,33.68739587664604,84.45093335151672,109.96230996131897,228.533202808698,240.04346529006958,243.48685903072356,118.12600577916868,115.46905666032258,120.67121344935107
0,348,33.33625030517578,3659.839661095521,19193.207545514266,12330.870674070888,44.71670245448748,80.93577864646912,111.15597268581391,212.38520776669185,223.52597034454345,228.29777821540833,113.80595587277887,111.62381374173249,116.84228389698453
0,349,36.07770538330078,2494.890414923968,19225.141908886344,12807.046271674795,31.142655194997786,88.13587067604065,109.49592932224273,238.83269948323567,250.2659383201599,254.5912284564972,120.39632571961002,117.37208197759912,123.05286514235371
0,350,35.00080490112305,2438.9898840515593,19660.358349207938,13295.566584785991,30.42711566487948,91.67993609428406,110.31609899997711,243.06807869434357,256.53596382141114,259.99287320137023,122.48940571202905,118.66276015781054,125.91782793822355
0,351,35.83706283569336,3156.3513781960287,19492.034118471653,12648.581309818444,39.33866745352745,85.6927087879181,111.4236818933487,218.95362934748331,234.19189661026002,237.37594628334045,117.53772593587615,113.95697448993455,121.97604862346489
0,352,35.10959243774414,2801.3418843567924,19443.631136376924,12824.036467645717,35.05417854428291,87.62503834724426,110.68714893817902,224.36548908631008,241.13419229507446,242.80365694999693,119.75260888795418,115.64473257041706,124.38185471157854
0,353,31.443418502807617,2239.423317665818,19518.94029705586,13570.775710883392,26.962835039695104,92.69786107063294,110.11204996585846,241.99505468765895,259.4681301307678,259.19825943946836,124.09427641751209,119.71428871177224,128.36350569174402
0,354,32.70290756225586,2304.398096970313,19175.853861382464,13353.883936936349,27.43095173080762,90.66948885917664,109.25709249019623,237.19335588296255,255.11130699157715,253.83435695648194,123.85104866262543,118.97627440156006,127.97327495593804
0,355,32.24092483520508,3432.0516604500276,18865.769404276005,12665.368749217489,42.14545225183169,84.39727580070496,109.2186561536789,214.4430927880605,231.85293487548827,230.68668615341187,118.55508505259947,113.95251503877512,122.80667589812356
0,356,36.67424774169922,2509.6157877432415,18494.307581703062,13021.781333718225,30.502548373937607,88.18930914878845,107.95345831394195,232.6422018623352,249.30904720306395,247.39584210395813,122.50777236114992,117.4721608753034,125.79009258153712
0,357,33.123348236083984,2344.2876478887715,18507.054212085673,13293.919050564697,28.42464678645134,89.61829035758973,107.63345178127288,238.75036074797313,254.9509846496582,253.05916732788086,123.5214198435598,118.38389531399027,126.47859921387142
0,358,29.55385398864746,2801.5411354566195,18374.67063267555,12718.535279149692,35.04838840047518,85.90155535697937,107.5609042596817,223.95386740207672,239.55243507385254,238.94632897377014,119.58248580783717,114.67034541303062,122.58147517211894
0,359,31.91937828063965,2710.214114967674,18673.90530851184,12861.514003727958,34.03730052193006,86.80559210777282,108.02977953433991,224.50027232646943,240.73717266082764,240.6315770816803,120.03084790991478,114.70390170489964,123.42179345771059
0,360,31.16035270690918,2194.4077106545938,19346.513675397076,13901.147368366803,26.49823566953341,94.15225821495056,108.96305818080901,245.27186757564544,262.06135967254636,261.70029426574706,124.92294744964434,119.3533755988116,128.18681171896944
0,361,33.510799407958984,2815.9417310832255,19255.720445421626,12877.52507424701,35.98684997757276,87.38624970436096,109.70461657524109,222.93346422672272,240.4412312889099,241.0860420370102,119.92182735081234,114.61867456737066,123.6456239744198
0,362,32.06796646118164,3143.213832825045,19358.740590544672,12690.492310667978,39.89174785494804,85.82436999320984,110.42159519672394,217.82334869543712,235.15766975402832,236.36370782852174,118.40452097653642,113.39936605294061,122.20178884366223
0,363,33.347496032714844,2330.850404294527,19344.745595124088,13003.48882647791,29.085847905874253,89.32244179725647,109.51193477153778,235.79022987683615,252.30681913375855,253.25159792900087,121.967586810795,116.57937776538253,125.16929532277912
0,364,30.52176856994629,2254.5716151912734,19043.75230910522,12707.967261344735,28.12075095772743,88.06146964073181,108.98109583854675,238.27884261369707,252.87116832733153,254.44546716213227,121.10898492376477,116.27136593612524,123.51625303229702
