,epoch,train_loss,train_mse,test_mse,dev_mse,mean_error_train,mean_error_dev,mean_error_test,mean_rel_error_train,mean_rel_error_dev,mean_rel_error_test,mean_pred_train,mean_pred_dev,mean_pred_test,std_pred_train,std_pred_dev,std_pred_test
0,1,224.46316528320312,67750.47080590532,94775.8870627817,95632.1401933307,223.9985113521417,271.4144506394863,280.22256020307543,0.973877795789446,0.9833515715996299,0.9832777707566857,3.1122932930787406,2.8058349668979643,3.1523963093757628,0.9404066146172033,0.8190510053591072,0.6966754324578661
0,2,223.99851989746094,67513.987911214,94469.01082612923,95385.80526584052,223.48651628096897,270.982333368063,279.6902598619461,0.970003151109358,0.9808440088049591,0.9806760489894657,3.6242883642514547,3.2379522383213044,3.684696650505066,1.0968593679383862,0.9635558108685239,0.8495890231042885
0,3,223.48651123046875,67259.00248599108,94141.13104928988,95117.18505581605,222.9318629125754,270.51349650621415,279.1171298503876,0.9657910053696378,0.9781360326309448,0.9778583793587531,4.178941732645034,3.7067891001701354,4.257826662063598,1.2648168239199626,1.1188803360529618,1.005418431962667
0,4,222.931884765625,66981.38307977808,93790.51969174645,94831.76330406967,222.3252239068349,270.0135948419571,278.50227358341215,0.9611538577660185,0.9752608472318869,0.9748496996802481,4.7855807383855185,4.206690764427185,4.8726829290390015,1.4472186503697506,1.2828379321672159,1.1710575954465714
0,5,222.3252410888672,66679.68673018472,93416.68716164002,94522.83050290239,221.66320525010426,269.46758459806443,277.83847759962083,0.9560713606887986,0.9720857317311129,0.9715732662567259,5.44759939511617,4.752701008319855,5.536478912830352,1.646827766204819,1.467561799804064,1.348541754554307
0,6,221.66322326660156,66355.9132474022,93008.21931494014,94195.01295871634,220.94942050774893,268.8869015216827,277.1103209257126,0.9505850501732555,0.9686737247320986,0.9679369148889881,6.161384137471517,5.333384084701538,6.264635586738587,1.8653461987810673,1.654960670670867,1.5442867607414286
0,7,220.94943237304688,66003.43037002381,92561.29603756421,93839.13590638012,220.17139861981073,268.252010345459,276.3136375069618,0.9445709591654224,0.9649606594504464,0.9639743591326209,6.939406025409698,5.968275260925293,7.0613190054893495,2.100557529133282,1.845651160098685,1.757894161453542
0,8,220.17140197753906,65620.16958014379,92074.98836183977,93447.93023538879,219.3197166800499,267.5553471088409,275.4410808801651,0.9379401543092701,0.9609353159544124,0.9595840400358622,7.791087965170543,6.664938497543335,7.933875632286072,2.354913700574234,2.052593609914987,1.991586535564122
0,9,219.31973266601562,65209.884424960284,91560.29591229817,93018.51734743372,218.40418435732525,266.78658999204634,274.5114313364029,0.9307721868794556,0.9564924965794364,0.954816996125534,8.706620287895202,7.433695614337921,8.86352517604828,2.618549462303835,2.2805404579173736,2.2346502028868227
0,10,218.40419006347656,64770.360384092084,91002.61380798258,92552.53022195822,217.41724545955657,265.9478313922882,273.5009757518768,0.9228667701370896,0.9516301193972266,0.9496275985449563,9.69355918566386,8.272454214096069,9.87398076057434,2.8933574661145713,2.520406286561887,2.490829850081497
0,11,217.41726684570312,64295.15060149349,90401.68437716269,92045.03940107791,216.34456504980724,265.03356757164,272.4127611160278,0.9141626479962013,0.9463460389335232,0.9440465317114167,10.766239595413207,9.186718034744263,10.96219539642334,3.1833160912765313,2.78120710621866,2.7590489730688113
0,12,216.34457397460938,63777.21968136659,89745.7431669993,91493.44621818811,215.1707988580068,264.0346334695816,271.2203465223312,0.9046135419261936,0.9405656989646444,0.9379132938655277,11.940005787213643,10.185652136802673,12.154609990119933,3.4976165509396147,3.0683800253324733,3.048339910219095
0,13,215.17080688476562,63213.413490890074,89028.95368584097,90888.3075368927,213.8852085431417,262.9366863965988,269.9112251996994,0.8941288295570807,0.934229354204193,0.9311883404651159,13.225596102078756,11.28359920978546,13.46373131275177,3.8417979864887912,3.3833601605819816,3.3644421652120298
0,14,213.88522338867188,62596.38950801634,88245.23167749633,90227.56612944536,212.47705252965292,261.73141927719115,268.47543489933014,0.8840169270015251,0.9272444020229316,0.9238195359566925,14.642736077308655,12.488866329193115,14.899521613121033,4.222828610695842,3.727532858285302,3.7061586366743002
0,15,212.47706604003906,61920.431246141714,87385.91090062604,89505.46882328496,210.93943987687427,260.4042628288269,266.8910782575607,0.8752320811722865,0.9194785355988426,0.9156587040390802,16.20462703704834,13.816022777557373,16.483878254890442,4.643051503399713,4.101434646895479,4.078699871660889
0,16,210.93946838378906,61178.035037469905,86444.05596930049,88715.49289535929,209.24013902346294,258.9414808511734,265.1452828645706,0.8655082660695047,0.9108856535820358,0.9066793841359649,17.929984370867412,15.278804755210876,18.229673647880553,5.107884711616003,4.511471328813041,4.484755820200553
0,17,209.24014282226562,60362.40706343592,85410.99928726396,87843.70462470602,207.35776504675547,257.3131577014923,263.218337726593,0.8547218603561028,0.9012969977354557,0.8967766910678681,19.840893681844076,16.90712790489197,20.156618785858154,5.6261484463946,4.966862307916257,4.931724558798373
0,18,207.35775756835938,59466.52824301695,84270.80748037845,86881.96685004476,205.26688387393952,255.50093355178834,261.0798912525177,0.8426992766655369,0.8905884524844003,0.8858493343856517,21.962979237238567,18.719352054595948,22.295065259933473,6.2070800944569235,5.4750575213997,5.425759729095201
0,19,205.26690673828125,58482.92640441742,83015.25659600006,85822.4903185731,202.9438966671626,253.48704681396484,258.708372592926,0.8293625916508758,0.878646494483933,0.8737886955576268,24.320787477493287,20.733238792419435,24.666583919525145,6.854697129898528,6.049201189117329,5.974133786737974
0,20,202.9438934326172,57403.23466453437,81634.83208920673,84653.79620570567,200.3582493543625,251.25027937889098,256.0745226383209,0.8145048252615632,0.8654225812109114,0.8604054869832719,26.94540157318115,22.970006227493286,27.30043387413025,7.579548491442151,6.694117294114102,6.580103123455436
0,21,200.35824584960938,56221.121841781736,80116.09055522141,83373.0195169943,197.5486467440923,248.77610759735109,253.13630909919738,0.8003021468983393,0.850822737506555,0.8454863264865317,29.86457487742106,25.4441780090332,30.238647413253783,8.392071556276735,7.409290715213342,7.264343993993232
0,22,197.54864501953125,54933.66495908852,78451.8032400984,81969.95015606325,194.4646324078242,246.03460874557496,249.86652970314026,0.785617928616523,0.8346591164323476,0.8288280809353159,33.10068446795146,28.185676860809327,33.50842680931091,9.299792728088216,8.205121021948369,8.039095292784607
0,23,194.4646453857422,53534.63118950079,76631.68053095494,80437.40950490364,191.05129034519194,243.00008115768432,246.230304145813,0.7694346214065556,0.8167669655484595,0.8103010378733208,36.68341123263041,31.220204448699953,37.144652366638184,10.30480227305336,9.08162859715505,8.913634249222778
0,24,191.0513153076172,52018.138946136176,74652.27372390762,78755.73153759811,187.27399785518645,239.6403470993042,242.20758018493652,0.7515649410656533,0.797193940110737,0.7897982081202016,40.65175387064616,34.59143562316895,41.167376327514646,11.42118511614048,10.053299916060165,9.88037161829458
0,25,187.2740020751953,50381.28524685719,72509.59232497729,76926.35325254552,183.09735991954804,236.38362913131715,237.76775646209717,0.7318268754938476,0.7861423826159017,0.7670884723739325,45.04206310908,38.315078258514404,45.607200050354,12.66230280292866,11.12665868019703,10.93802081102665
0,26,183.0973663330078,48625.47657259267,70198.4775480334,74941.1977977195,178.50396513144176,232.78973922729492,233.06355876922606,0.7106270492060672,0.7739509697654837,0.7515031830970432,49.88525342941284,42.42305736541748,50.50068321228027,14.037083580783138,12.311358090649899,12.10109357150637
0,27,178.5039825439453,46750.973812286036,67712.19783379763,72796.60363843766,173.59171950817108,228.83102016448976,227.9090986251831,0.6936487344280748,0.7605231613638957,0.7356552635252066,55.221809228261314,46.947214126586914,55.89134559631348,15.548813194083957,13.615896860292988,13.37749120142986
0,28,173.5917205810547,44758.24044208669,65049.950026162274,70484.99644555085,168.19020399252574,224.46963510513305,222.23995542526245,0.6752140791678886,0.7457020044513409,0.7182329150320261,61.09711135228475,51.92716913223266,61.82093935012817,17.22582059703884,15.059312126236476,14.787668004408037
0,29,168.19021606445312,42654.0844163471,62209.83656517843,68008.49971273527,162.38705648581188,219.68125762939454,216.00957269668578,0.6569302918501551,0.7294454661892147,0.699091208700245,67.55844583511353,57.396111488342285,68.33772745132447,19.0691007374464,16.64344506054109,16.33739345524417
0,30,162.38706970214844,40449.69445431787,59195.39964767323,65374.038816192406,156.50728553930918,214.44027423858643,209.16899127960204,0.6436544911240996,0.7116521044730811,0.678078190989757,74.64773216247559,63.384054565429686,75.49312534332276,21.08910852029173,18.374067072025163,18.037068540104393
0,31,156.50729370117188,38170.80928088134,56039.0830963683,62591.68761617944,150.816806324323,208.72423152923585,201.7329402923584,0.63795180021328,0.6921952291700768,0.6553036163829282,82.37327149709066,69.91114311218261,83.27387390136718,23.282280077127158,20.250609316330547,19.885477868139066
0,32,150.81680297851562,35834.52627745873,52755.5014517854,59664.73162954692,145.13759998480478,202.4927827835083,193.66078414916993,0.6377446316401507,0.6709916412023252,0.6308135349333734,90.78612753550212,77.02850646972657,91.73017692565918,25.66243063988501,22.29055294040527,21.886090735725443
0,33,145.13760375976562,33477.911478407026,49379.07661753119,56617.49824248648,139.85783784389497,195.74086360931398,184.9453800201416,0.6461937169607431,0.6479870489381063,0.6044908733699439,99.88895041147867,84.73795204162597,100.8654670715332,28.220696445309052,24.497211610116093,24.038207007209852
0,34,139.85784912109375,31141.601068012005,45948.18590283388,53484.54396286786,134.79313422044117,188.67865409851075,175.5825382232666,0.6615268508673534,0.62488495618983,0.5762921253904947,109.67573744455973,93.0315580368042,110.6827434539795,30.956359772113537,26.857878335990556,26.348949853782933
0,35,134.7931365966797,28872.54424393444,42515.0930691985,50306.38826226969,130.88401963710785,182.07782077789307,165.7313045501709,0.689850615570586,0.608387143226671,0.5471042329915187,120.11929937998454,101.88408966064453,121.14807586669922,33.86268973039398,29.37518845278976,28.80409248451274
0,36,130.884033203125,26748.47778875549,39174.45597220499,47164.95983492215,127.65403389135996,175.7041778564453,158.72353134155273,0.7255518072131938,0.5998871282249006,0.5414237714439288,131.03404960632324,111.14461154937744,132.08164443969727,36.88735479935027,32.00791559488095,31.369105149295716
0,37,127.65404510498047,24802.042489440933,35961.4406694479,44083.7984950402,124.70545715490977,169.4994436264038,152.90495643615722,0.765842900820094,0.5945162935478417,0.5456664161719528,142.41538874308267,120.80464210510254,143.46726570129394,40.03019068901939,34.7526617455894,34.03825869147467
0,38,124.70545959472656,23070.09754020123,32914.93887722157,41096.7095750289,122.20034469763438,164.23503093719484,146.85537605285646,0.8119510808074369,0.6016338673406224,0.5500255533796384,154.242445119222,130.8408573150635,155.28314628601075,43.28866894016626,37.60010368733513,36.81525665553645
0,39,122.20034790039062,21590.464826426738,30073.263426901114,38233.45867693972,120.19341797033945,158.82120571136474,140.78267974853514,0.8623181181725822,0.6095630175108594,0.5555571129157826,166.4876579284668,141.2341854095459,167.50982437133788,46.66372305502436,40.55200787501982,39.68972833167243
0,40,120.19342041015625,20418.982174288412,27520.690892458515,35579.130645904326,119.01629712581635,153.353586769104,135.93585433959962,0.9167928606764293,0.6175732960868939,0.5676504801877075,178.85132637023926,151.72921981811524,179.86215591430664,50.064709458013205,43.535655714137974,42.58828338822952
0,41,119.01629638671875,19586.282712758744,25334.338931076934,33217.54189537671,118.55589355627696,148.01461849212646,131.17761001586913,0.9726764603571708,0.6253882865931545,0.5793103999267027,190.9168851216634,161.97384147644044,191.92246856689454,53.390637898720776,46.45885544703891,45.42541597416406
0,42,118.555908203125,19072.08914845206,23492.353336202486,31133.76308739515,118.55345532894134,143.53861446380614,126.51565475463867,1.0282828752471136,0.6375884447283602,0.5905109551083582,202.665656153361,171.95577735900878,203.6703773498535,56.636977500193915,49.31151258581817,48.19911190657251
0,43,118.553466796875,18854.439805216207,22020.126527117674,29363.976959147338,118.61334467728933,140.80431842803955,122.11032104492188,1.0805253749608454,0.6561787420896159,0.6010356999654285,213.75371348063152,181.38122787475587,214.75804061889647,59.701076405751515,52.00509524068039,50.83123671807027
0,44,118.61334991455078,18885.62416319271,20873.34529586181,27876.439974594465,119.12679135799408,138.4041482925415,119.38785934448242,1.1314683556629825,0.6753687617995081,0.616562670911892,224.156636428833,190.22501449584962,225.15416946411133,62.58080447905158,54.52462294935638,53.31143230260188
0,45,119.12679290771484,19098.94801104593,20049.972865795826,26703.778543585446,119.94131645361583,136.50700588226317,118.38365631103515,1.1769123853816725,0.6945541092860644,0.6351467766416834,233.2840602874756,198.00921134948732,234.28235397338867,65.12181251926123,56.74662370909242,55.51495031788311
0,46,119.94131469726562,19393.692254848524,19508.623624075106,25844.688427104713,120.69807342688243,134.949387550354,118.78867721557617,1.2130718290825158,0.7099569512583855,0.654961743133551,240.64147491455077,204.31787719726563,241.64543914794922,67.18363378412626,58.55327038544518,57.31875500293729
0,47,120.69807434082031,19689.586595828212,19165.183024494567,25239.257979622507,121.28639155228933,133.73641605377196,119.07686653137208,1.2397825228208614,0.7216512390451226,0.6699407759408468,246.26237767537435,209.1642837524414,247.27873420715332,68.777472925517,59.94675278434071,58.719469493152054
0,48,121.2863998413086,19895.63854892284,18974.69326347759,24881.298045864438,121.74130640824636,132.95377750396727,119.22058601379395,1.255263905697451,0.7288135713446497,0.6789987342499517,249.74216486612957,212.20293884277345,250.77925224304198,69.78402755731287,60.82802119194015,59.61609473127684
0,49,121.74131774902344,19976.218874342816,18884.357963231316,24721.230596594818,121.88047266801199,132.57354640960693,119.23569717407227,1.2599091431116212,0.7318450961625038,0.6825944310902781,251.25924962361654,213.57912406921386,252.31455154418944,70.2522261801478,61.23777850548918,60.054010888075425
0,50,121.88047790527344,19927.58425584525,18867.38901095847,24725.736125940733,121.73850260575612,132.55464305877686,119.13289489746094,1.2548874464142206,0.7311522836999207,0.6812752313522422,251.009401957194,213.45718727111816,252.0784996032715,70.23487549060539,61.224549660709826,60.07506976204584
0,51,121.73851776123047,19768.871338897556,18917.647747201325,24875.453629598167,121.35386629899342,132.85369205474854,118.9298282623291,1.2414509620101775,0.7272029427209239,0.6756476559184531,249.20709444681805,212.01848907470702,250.2848979949951,69.7909160663851,60.83611020097518,59.72929406606603
0,52,121.35387420654297,19532.890503588715,19042.229458342546,25161.066550937292,120.76383664608002,133.42704982757567,118.64284820556641,1.2208792612922614,0.7204447092382009,0.6663261817965076,246.06551195780438,209.44386405944823,247.14660186767577,68.97870876576022,60.122741586518444,59.06697179058775
0,53,120.76384735107422,19257.06982662187,19257.185874158113,25579.549044385978,120.15043268998464,134.23299045562743,118.29581413269042,1.1947809243434664,0.7113194523176875,0.6539574255762306,241.7968421936035,205.90926513671874,242.88371772766112,67.85625450380655,59.13480222723209,58.14127044375343
0,54,120.15042877197266,18997.28970416357,19550.38628808432,26086.504042672266,119.5148402929306,135.15083866119386,117.92405204772949,1.1660509647535102,0.701027559884752,0.6401240991426482,236.9832310994466,201.9080436706543,238.07787132263184,66.58396677934701,58.01509670169707,57.090242056561195
0,55,119.51483917236328,18774.89008181568,19930.82144902043,26681.454371658532,118.83599507808685,136.1597589492798,117.53728256225585,1.1352171540959504,0.6897812006554572,0.6251635781117487,231.73800608317057,197.53240737915038,232.8420036315918,65.19132744407928,56.792649755114276,55.94078388133325
0,56,118.83600616455078,18605.810889001605,20400.316433460506,27362.473316562955,118.23951795101166,137.37656917572022,118.04434242248536,1.103157955096089,0.6792211587574274,0.6130559902336896,226.15714886983235,192.86428031921386,227.27095375061035,63.70512630502084,55.48966614559307,54.716955759223794
0,57,118.2395248413086,18505.59524114055,20926.800151560463,28080.40895067038,117.78268010616303,138.7083402633667,118.80467681884765,1.072120285711734,0.6701868701181074,0.602163078489842,220.66157099405925,188.26316108703614,221.78513412475587,62.242765911391224,54.20854603149526,53.51280359879353
0,58,117.7826919555664,18471.17668559639,21506.560728551056,28830.26201707541,117.33713363806406,140.01634540557862,120.27155418395996,1.0418194655080264,0.66130387498164,0.5938772108142618,215.26709442138673,183.74462356567383,216.39620552062988,60.80606709414788,52.9545089532796,52.328496310804816
0,59,117.33714294433594,18497.307258270877,22133.092293244852,29606.48071697068,117.05446685949961,141.29223690032958,122.16603736877441,1.0129153210088098,0.652576358011409,0.5877632964188003,209.9861841837565,179.3189609527588,211.12550086975097,59.400184075652234,51.726045315497004,51.16871468039023
0,60,117.0544662475586,18567.34924998919,22736.11243732988,30329.99644991602,116.92617096106211,142.42127590179444,123.93813819885254,0.9877588808779021,0.6447698816883276,0.5827184131117532,205.2939781188965,175.38372383117675,206.43922157287597,58.14661780113429,50.632414553199666,50.1344330158835
0,61,116.92617797851562,18666.612406283515,23310.23253125096,31001.653972052874,116.80025912125906,143.44969806671142,125.5070411682129,0.9651842715789244,0.6378900216686086,0.5782052672314497,201.1233829498291,171.87678909301758,202.26917572021483,57.027791445486486,49.652895414753544,49.22376025143213
0,62,116.8002700805664,18783.787868665335,23851.714570897242,31621.62690258195,116.67782514095306,144.78363399505616,126.90046768188476,0.9446346617244893,0.6335485688375327,0.5741327951127506,197.4124777475993,168.75568351745605,198.55238876342773,56.03960515133676,48.781556874168956,48.42509263180238
0,63,116.67781829833984,18910.08494665305,24355.23793919774,32190.842898636496,116.55947212378184,145.9724271774292,128.12713813781738,0.9260851583274923,0.6296962258910724,0.5704001499689919,194.111945215861,165.9814968109131,195.2368869781494,55.16511792907641,48.01043108861442,47.72066473554268
0,64,116.55947875976562,19038.28028513609,24819.374939980178,32709.03839915913,116.44142847855886,147.19445743560792,129.20566940307617,0.9092538483585544,0.627375204676474,0.5669895963964122,191.1746404012044,163.51867599487304,192.28675994873046,54.39117747962169,47.334892788079635,47.105598353198936
0,65,116.44143676757812,19163.521262131642,25240.962867063314,33177.33015374779,116.3750298579534,148.325705909729,130.13641357421875,0.8941682203928374,0.6256665894449712,0.5637905773782681,188.56426595052082,161.34601516723632,189.6629211425781,53.70892115568474,46.75096038687489,46.570282925497594
0,66,116.37503814697266,19261.420119966446,25564.642550593886,33537.71950169398,116.33623985449474,149.18662548065186,130.8075855255127,0.881949583846362,0.62440327139843,0.5610469451467883,186.56057039896646,159.69750862121583,187.64226188659669,53.20923013584322,46.3432925966312,46.17880282492522
0,67,116.33624267578125,19326.893642997307,25794.04853564919,33798.91594800634,116.27400879065196,149.80764141082764,131.24191665649414,0.8721045068018164,0.6235753068742405,0.5586103475352273,185.0972432454427,158.52132606506348,186.15326919555665,52.87486892402776,46.096669560296405,45.91835169223844
0,68,116.27400970458984,19338.85977584571,25883.065586701938,33911.316186557444,116.19639089107514,150.0813882827759,131.35500106811523,0.8657035143694851,0.6233442021751352,0.5567536798146492,184.40654271443685,158.02495040893555,185.44300994873046,52.77490997191028,46.06820383823964,45.862270677729924
0,69,116.19639587402344,19299.117584905354,25840.89049839137,33886.25294693922,116.0464507818222,150.03793315887452,131.17481079101563,0.8622039626191728,0.6236821096623321,0.5554969460354932,184.433917872111,158.15142097473145,185.44840087890626,52.896231649811185,46.242427539057005,45.997666261097706
0,70,116.04645538330078,19212.68110841769,25679.19889527539,33736.1030094363,115.83103705247244,149.70030002593995,130.73678131103514,0.8614171465568693,0.6245285470602455,0.5548820625914115,185.13108984629312,158.84588241577148,186.1272850036621,53.22812603874537,46.60789579014773,46.307946623074486
0,71,115.83104705810547,19086.397826682773,25409.067636119442,33472.03000884296,115.57550675868988,149.08827953338624,130.05058212280272,0.8632342585656688,0.6258596590063557,0.5548064697298772,186.45631135304768,160.068030166626,187.4307067871094,53.76510191870098,47.15236942454384,46.7853424826376
0,72,115.57550811767578,18948.8835108392,25097.634300041926,33155.416573218085,115.41741845607757,148.34012432098388,129.2583351135254,0.8667185532484255,0.6274056357798958,0.5549971574542976,188.06889896392823,161.54148750305177,189.0211944580078,54.403036536736636,47.77963570017079,47.35569210789283
0,73,115.41741943359375,18824.924160363887,24810.515163978416,32862.57356672154,115.30558221340179,147.63236484527587,128.50880737304686,0.8700311690198322,0.6288911320669445,0.5551320677359535,189.59122511545817,162.92954483032227,190.5179473876953,55.021183223697754,48.389390506259545,47.902220167642476
0,74,115.30558776855469,18710.368655218845,24544.022590960518,32596.41686717518,115.19161202907563,146.97083683013915,127.79940376281738,0.8729510905191539,0.6302749364857146,0.5551192547812404,191.0244503657023,164.22478179931642,191.92896995544433,55.61017006161056,48.957511770135476,48.43783539930385
0,75,115.1916275024414,18606.600031973478,24297.39111126196,32353.448586768285,115.07989016373952,146.35943775177003,127.13057250976563,0.875495108973723,0.631540069433328,0.5550280437383657,192.35121218363443,165.42251510620116,193.23926010131837,56.15694822412757,49.479531388050894,48.93869478761895
0,76,115.07990264892578,18512.995786481304,24070.32933719102,32129.46975376641,114.97053601741791,145.8377836227417,126.49798736572265,0.8776211559483957,0.6329616895305901,0.5548571358313101,193.56409339904786,166.52874717712402,194.44486923217772,56.65630337414418,49.96483116706965,49.401329265773846
0,77,114.97054290771484,18426.824084231495,23860.45246737465,31923.11961162238,114.86290147304535,145.39873218536377,125.90128860473632,0.8795349900647584,0.6345354197937262,0.5546578338523982,194.6852003097534,167.5533660888672,195.55843200683594,57.10972493658813,50.407612913499484,49.825868877175246
0,78,114.8629150390625,18345.14878370574,23662.976044329134,31732.103395251102,114.74886739253998,144.99143466949462,125.33161773681641,0.8812772129054632,0.6360123390299314,0.5544535797198012,195.740394337972,168.5149253845215,196.59697952270508,57.52566137329659,50.82260436056894,50.211703437938965
0,79,114.7488784790039,18269.35498710736,23476.890060444763,31554.427472611693,114.63308522701263,144.61191692352295,124.78171005249024,0.8828127384001899,0.6374015226078225,0.554202285853491,196.72470677693684,169.41717948913575,197.56960830688476,57.90563509884926,51.20376057938485,50.572543466394094
0,80,114.63308715820312,18197.375385996344,23301.730296995578,31386.867670481755,114.51554683844249,144.25937061309816,124.25065231323242,0.8842482246115756,0.6387554098214394,0.5539424669668572,197.6603287378947,170.27045974731445,198.48731536865233,58.25792704990427,51.55039605586604,50.91125989814152
0,81,114.51554870605469,18127.633077876428,23133.439764965693,31226.22512756577,114.39178063869477,143.92405529022216,123.73311157226563,0.8855962152958419,0.6401082705469555,0.553699337357952,198.56547870635987,171.09489402770996,199.36910858154297,58.59098666960501,51.86911226188286,51.23110239913033
0,82,114.39178466796875,18060.602619131285,22968.854822183752,31069.0138226826,114.26582162380218,143.67847805023194,123.22381248474122,0.8869187726037816,0.6418173676002968,0.5534397853203931,199.45142332712808,171.9067638397217,200.23531379699708,58.912292701603825,52.17427227564646,51.541373380043964
0,83,114.26582336425781,17996.1577212809,22808.519714404694,30915.926221325713,114.13687519232433,143.4586305618286,122.7247215270996,0.8881456082943046,0.6435864203098128,0.5531501861945259,200.3128630956014,172.7021125793457,201.08203887939453,59.222253683478584,52.4715459456065,51.846605614952885
0,84,114.13688659667969,17933.545688704133,22648.749775858974,30763.80695856812,114.00576303005218,143.23557872772216,122.22461013793945,0.8893658242950467,0.6453514596513188,0.5528516865572026,201.17102502187092,173.5000316619873,201.9326950073242,59.52933407694092,52.76657849730391,52.1508938490877
0,85,114.00576782226562,17872.893348095466,22490.47376740196,30613.403066047853,113.87388786474864,143.01149463653564,121.72641448974609,0.8905796151150319,0.647103358396729,0.5525590340959095,202.0245532989502,174.29521102905272,202.78402709960938,59.83179010764117,53.05947996313865,52.4537369107738
0,86,113.87389373779297,17814.649384502656,22339.089129872973,30469.225527481572,113.74211556911469,142.79693851470947,121.24269981384278,0.8916645695065651,0.648842973305795,0.5522511404273459,202.84969069163006,175.06698684692384,203.60648078918456,60.126866088876824,53.34728073147212,52.75100152921747
0,87,113.74212646484375,17758.684285894808,22195.933025628845,30331.643222258055,113.61104505062103,142.59021282196045,120.78067016601562,0.8926122144730368,0.6505629934166863,0.5519606881608097,203.64230715433757,175.8136173248291,204.3914695739746,60.4100664497702,53.62388835582433,53.04123658853507
0,88,113.61103820800781,17712.56525950709,22103.107492877727,30254.28382681634,113.49462049007415,142.48269062042237,120.46320304870605,0.8920748050949371,0.6518461596000529,0.5513561499241597,204.08533922831217,176.26829452514647,204.81425895690919,60.59507448727627,53.824750600671784,53.242435304876714
0,89,113.49462890625,17674.5977910034,22052.692588458114,30228.254816510704,113.3695849498113,142.46179409027098,120.26542701721192,0.8901124235737424,0.6527498440907451,0.5504452397539634,204.22884057362873,176.47011451721193,204.92356605529784,60.700116847020354,53.960975373054914,53.36451031526005
0,90,113.3696060180664,17643.6149898628,22037.988184963007,30245.59625078216,113.23751466274261,142.5136480331421,120.16847190856933,0.8869019622490241,0.6533214023287662,0.54923836231777,204.11591370900473,176.45443992614747,204.7663288116455,60.74078149400571,54.045296459331624,53.424226973959414
0,91,113.2375259399414,17618.699976284817,22052.825931935015,30296.896306075,113.10013775030772,142.6211633682251,120.15524787902832,0.8826788454462008,0.6536052608585894,0.547807906346603,203.79522711435953,176.26444091796876,204.39821128845216,60.73121361091889,54.08987072986638,53.43681088081342
0,92,113.10014343261719,17599.435547980036,22091.29275975794,30375.71039322098,112.96065843105316,142.77263469696044,120.20858192443848,0.8776317458226082,0.6536469153674531,0.5461844020548826,203.30751349131268,175.93390464782715,203.86281471252443,60.686088216105915,54.10344772918296,53.410460930059585
0,93,112.9606704711914,17585.51561320238,22146.489761475143,30472.203070696723,112.82303610642751,142.95057201385498,120.30935592651367,0.8720501968332512,0.6535039164130104,0.544454884318349,202.71068070729572,175.51069221496581,203.22030487060547,60.61990243885713,54.097070581575295,53.36199798920538
0,94,112.82304382324219,17574.70290988466,22212.81634373235,30580.823467706086,112.68131641546886,143.14432277679444,120.43903007507325,0.8660564289359401,0.6532135140261432,0.5426294016592291,202.0381639480591,175.02455101013183,202.50993003845215,60.53876552304699,54.0803095985894,53.30020387856668
0,95,112.68132781982422,17567.659874718498,22287.02336030711,30701.12665979118,112.55015739599864,143.3529504776001,120.58435554504395,0.8597896208361718,0.6528128929254315,0.5406780478309984,201.30254859924315,174.4847328186035,201.74591941833495,60.44791667842294,54.054110000514584,53.22998161217387
0,96,112.55016326904297,17548.322480710594,22317.23896259956,30770.55222171582,112.40821518103282,143.47840557098388,120.60053176879883,0.8547577937281396,0.652814069438483,0.5389607709249492,200.86610844930013,174.20205955505372,201.29684524536134,60.440878769805266,54.09967822914159,53.245614840797025
0,97,112.4082260131836,17516.382367342714,22303.00512972534,30788.508132543462,112.25457939306895,143.51900424957276,120.49144668579102,0.8509619550777371,0.6531881064947316,0.5374968501654988,200.7275468190511,174.1745147705078,201.1587242126465,60.51502137141427,54.21592061919509,53.34483999477139
0,98,112.25457763671875,17471.712962153764,22247.491654473364,30760.141773015544,112.08698155879975,143.48346881866456,120.26269798278808,0.8482236577791612,0.6539058279255813,0.5362177120702469,200.85699335734049,174.3809814453125,201.2991542816162,60.66639419740177,54.40316460459755,53.519239649373155
0,99,112.08698272705078,17415.476567142603,22153.512471703954,30688.136104358266,111.91688299973806,143.37466259002684,119.9195484161377,0.8465836690572266,0.6549488500310539,0.5350822574270753,201.2454615910848,174.80924797058105,201.70075035095215,60.892575177193606,54.65868401668254,53.76871159865102
0,100,111.9168930053711,17363.192944245875,22076.65796781522,30637.06619645178,111.75153971513113,143.2997838973999,119.61795082092286,0.8444752226475987,0.6558514838824284,0.5337901266868793,201.51886545817058,175.14402046203614,201.99260444641112,61.08909628670894,54.89412123244372,53.99870064459426
0,101,111.75154113769531,17314.77743361295,22011.57749384073,30606.992936332965,111.5824511607488,143.25730876922609,119.33995513916015,0.8418085209780344,0.6566285648025936,0.5322480644584338,201.68600076039633,175.38630714416504,202.18353271484375,61.26856365694329,55.12303368587988,54.21199231356972
0,102,111.58245086669922,17271.142977273743,21960.799794475133,30599.040814094642,111.40957543849944,143.25217266082763,119.0967300415039,0.8384831704821823,0.6573290444319853,0.5305284930911816,201.73045953114828,175.53530158996583,202.2546142578125,61.4367065483079,55.34752757766473,54.40460181391155
0,103,111.40958404541016,17229.989374766865,21920.665813898453,30608.46983636356,111.2305193344752,143.2755464553833,118.88274917602538,0.8346563483220424,0.65800553771279,0.5287058121648918,201.68821347554524,175.61678771972657,202.23078842163085,61.599184378199936,55.57614816945751,54.58523370799382
0,104,111.23052215576172,17191.12579847834,21893.506532805954,30634.345274542877,111.0441293478012,143.3261224746704,118.70212249755859,0.8303976193815016,0.658682817938869,0.5267927602147968,201.56365845998127,175.63472213745118,202.11342239379883,61.750727769199614,55.801061462089066,54.754661191248275
0,105,111.04413604736328,17153.837103821166,21876.31198620006,30672.338068169018,110.85697858333587,143.39782733917235,118.54788036346436,0.8258742209542226,0.6593973070642799,0.5248602436209835,201.38994077046712,175.61121520996093,201.93456745147705,61.899394304107915,56.02971460642047,54.91724193371536
0,106,110.85697937011719,17144.16862969591,21963.635594522202,30822.587214698036,110.66243118445078,143.64954280853271,118.69240798950196,0.8184809775859393,0.659145321192762,0.5224942592092361,200.53718159993488,175.00752220153808,201.06431579589844,61.85184442989851,56.09090504596915,54.91117591996503
0,107,110.66243743896484,17132.740911192028,22040.575245847147,30957.333781753667,110.46846279303233,143.87085361480712,118.80060386657715,0.8115208281753535,0.6590006109150074,0.520271718964009,199.77396119435627,174.47650527954102,200.27845039367676,61.834486610303365,56.17413601709338,54.92897597196336
0,108,110.46846008300781,17116.79552363685,22099.30123625503,31071.69759567678,110.27010101477305,144.05611095428466,118.85290756225587,0.8050681156625654,0.6590221915660438,0.5180990265984902,199.1329096476237,174.04764518737792,199.61347198486328,61.853146084927786,56.288360285939255,54.97952236237908
0,109,110.27010345458984,17094.130861168793,22135.35456974022,31161.836773028965,110.0661301056544,144.19945774078369,118.83794345855713,0.7991397954777076,0.6592324287490501,0.5159650471401009,198.63098824818928,173.74055099487305,199.0918966293335,61.91345742642367,56.437834272946716,55.066740553926145
0,110,110.06613159179688,17044.961540578035,22082.84148223868,31158.60314102236,109.85324774583181,144.19502849578856,118.57614307403564,0.7955093063136581,0.6603120045152591,0.5142135420133833,198.68997122446697,173.9117488861084,199.13442134857178,62.13594503245131,56.72669805323829,55.29795144267548
0,111,109.85325622558594,16991.761706624795,22016.19845244414,31143.74359972034,109.63647026220957,144.1712505340576,118.27489528656005,0.7921381231179855,0.6615178693753617,0.5124874386711606,198.82623710632325,174.14815731048583,199.2557855606079,62.385672776982084,57.03380749200359,55.55346490727556
0,112,109.63648223876953,16937.02172619564,21938.836346043332,31126.17689700696,109.4241227865219,144.14579811096192,117.94369945526122,0.7889250490984061,0.6628603654880855,0.5107321513015519,199.00447648366293,174.4177755355835,199.42168979644777,62.659469501589015,57.349367755643755,55.827657197422816
0,113,109.42412567138672,16915.64836917851,21976.643242875958,31232.424349287532,109.19408408006032,144.32127704620362,117.93718032836914,0.7825696506267263,0.663184647214988,0.5084252964125784,198.43481477101645,174.0649215698242,198.8324935913086,62.72137600217757,57.50315034946587,55.92219569619163
0,114,109.19409942626953,16888.962434050824,21996.421776662108,31323.54948706124,108.96077586015066,144.53830509185792,117.87686004638672,0.7765415778040408,0.6639999372363332,0.5061050155006688,197.96721725463868,173.80273971557617,198.34802856445313,62.825939697777955,57.698076383012975,56.060648851172886
0,115,108.96077728271484,16856.97819115121,21997.347746509655,31397.85212811114,108.71952734788259,144.71938934326172,117.76156749725342,0.7708260971298345,0.664944106277839,0.5037860967401746,197.6002523422241,173.6303285598755,197.97280902862548,62.96781257739128,57.927333267760325,56.24038946202657
0,116,108.71953582763672,16817.9884869979,21979.529801019926,31450.90516007873,108.46838986873627,144.85057315826415,117.59280853271484,0.7655400645807051,0.6659432963457164,0.5015245700382748,197.35045356750487,173.5596809387207,197.7204734802246,63.14625580001571,58.19138077274215,56.46274360654852
0,117,108.46839904785156,16814.81940765139,22078.37755869587,31618.76097782344,108.23522978623708,145.23723011016847,117.7452880859375,0.75751390287922,0.6661904113688589,0.4989250036094834,196.3872870763143,172.8953109741211,196.75266723632814,63.1145186831645,58.28575152900707,56.505858541662505
0,118,108.2352294921875,16774.28315768323,22062.652282837433,31664.60508398174,107.97150539557138,145.34628429412842,117.58476676940919,0.752202405874,0.6669956999881886,0.4968825394680129,196.13086274464925,172.83106422424316,196.504243850708,63.27683324129346,58.54162887226713,56.72313385573822
0,119,107.97150421142578,16698.21201970498,21940.44258188293,31597.158772011997,107.70089541276296,145.19845390319824,117.13225002288819,0.7494819312215188,0.6683225969286865,0.4953332994624079,196.53119392395018,173.32506542205812,196.92264347076417,63.621112196010024,58.946969213528135,57.10198500026704
0,120,107.70089721679688,16662.609438026902,21945.08037342506,31659.08616593424,107.43326858679454,145.33980808258056,117.02550964355468,0.7435882760008782,0.6689154286394372,0.49333814462611203,196.14350128173828,173.16667785644532,196.55896224975587,63.737389940129816,59.16503480351852,57.2800611032145
0,121,107.43327331542969,16634.7856603709,21975.518610673913,31745.40715908004,107.15694501399994,145.53506832122804,116.9895429611206,0.7370260445488985,0.6693652739088408,0.49132902685654595,195.59501965840658,172.8855815887451,196.0352602005005,63.802627829268225,59.3440050109583,57.41648121678396
0,122,107.15694427490234,16610.098651957596,22019.555344905944,31842.98954569523,106.87119602362314,145.75536041259767,116.98896026611328,0.7301544384995882,0.6696951509004271,0.4893626985980344,194.9597380956014,172.54027118682862,195.42258529663087,63.828331165731804,59.49500517317452,57.52401871433879
0,123,106.87120056152344,16585.445584923098,22068.311938464776,31944.19125283944,106.57520542939504,145.98526916503906,117.00023880004883,0.7231398056691062,0.6699232040568497,0.4874284399657448,194.2864869117737,172.1650354385376,194.77675399780273,63.82583652559747,59.61830613023831,57.61782862333645
0,124,106.57521057128906,16558.717778496448,22115.62335801443,32040.98949851963,106.2954732020696,146.20351619720458,117.00535373687744,0.716281695934869,0.6700191203837649,0.4855817662920276,193.61222979227702,171.79324913024902,194.13365917205812,63.803666122497106,59.72648018096071,57.7034741081519
0,125,106.29547119140625,16483.772221219566,22032.129145676296,32008.284786189604,105.99327577749888,146.12860279083253,116.65007743835449,0.7125304322584615,0.6711289783393392,0.4842733804966035,193.7631777127584,172.1214729309082,194.2846706390381,64.04773908664703,60.069036626991675,58.01389984720067
0,126,105.9932861328125,16364.385879778307,21823.389967728064,31856.55097594579,105.67994792461396,145.78377628326416,115.94326324462891,0.7117425734576359,0.6733465703516818,0.4834011904739298,194.70922053654988,173.1187614440918,195.19598083496095,64.56970131224,60.63736237583278,58.55083953359225
0,127,105.6799545288086,16240.221250452008,21595.364320198154,31691.60371051057,105.40216586589813,145.39578266143798,115.1655897140503,0.7116184282057918,0.6760583757095442,0.4825542803924267,195.81436414718627,174.2670555114746,196.23941135406494,65.18505933263754,61.297590703897214,59.15829905424521
0,128,105.40216827392578,16153.744876849445,21480.331152925046,31640.442775632615,105.08806995550792,145.25416984558106,114.6938865661621,0.7083314750012218,0.6778793984726791,0.4813057533357621,196.17827396392823,174.8157133102417,196.58573150634766,65.57603192024439,61.78857462078952,59.583731869778234
0,129,105.08807373046875,16099.640814135999,21466.352410986918,31691.223652890225,104.7389933347702,145.33580284118653,114.50114192962647,0.702173552715528,0.6788259259813031,0.4797370130716267,195.8648990948995,174.8108404159546,196.30152225494385,65.7606329483429,62.119776693392744,59.83901826467181
0,130,104.73899841308594,16074.718417053073,21537.398200527736,31824.747129162588,104.36165746847789,145.59796104431152,114.54083938598633,0.6935779758115647,0.6788681992922453,0.47779695734316396,194.9598329226176,174.32101879119872,195.4714698791504,65.75636386619135,62.29851254856918,59.94632199513619
0,131,104.36165618896484,16078.379151854479,21682.910018720788,32023.546161854996,104.033420697848,146.00290718078614,114.77469024658203,0.6833914657144748,0.6780203663729378,0.4755678506100452,193.57212273279825,173.4275510787964,194.18638305664064,65.58056218934829,62.330324867949464,59.923880297962
0,132,104.03343200683594,16043.244656589557,21717.985691370082,32120.431697853306,103.68561570644378,146.17156677246095,114.67825832366944,0.6760106797945569,0.6786594134594295,0.473718414980189,192.99068711598713,173.19790363311768,193.6326021194458,65.7393094186608,62.63944542729636,60.16205077061094
0,133,103.68561553955078,15961.529961171444,21629.274991549642,32109.143411936424,103.28914976914724,146.0952184677124,114.22380657196045,0.6715509098314241,0.6808992722592919,0.4722081020545059,193.2621971766154,173.66839485168458,193.84804401397705,66.25346935724035,63.23135856408992,60.67540182728313
0,134,103.28915405273438,15828.614363811907,21401.228284428074,31972.957777282863,102.92524424393972,145.73207492828368,113.3714672088623,0.6713798231993924,0.6846876535660349,0.4711939858116597,194.4625737508138,174.9105972290039,194.92027778625487,67.11343581768246,64.09863149264152,61.45803346531363
0,135,102.92524719238281,15712.458310622458,21218.208683444947,31876.694634681604,102.57140777111053,145.4634286880493,112.64597053527832,0.6700826938030375,0.6876049440734414,0.47006301442411313,195.30673259099325,175.86283111572266,195.6894786834717,67.80777730703281,64.82941742230801,62.1218549694985
0,136,102.57141876220703,15615.076638075236,21089.67134194883,31833.989452105227,102.19151608943939,145.31147994995118,112.10833358764648,0.6671354614268986,0.6897311664941871,0.46897935583060707,195.7171943664551,176.48015003204347,196.08036346435546,68.3324011873134,65.44404322831275,62.66097516325129
0,137,102.1915283203125,15532.862679910299,21009.177732085875,31838.412781547428,101.77917570273081,145.26187286376953,111.80626258850097,0.6626441008586911,0.6911407305626701,0.46832829267370213,195.7350385983785,176.795432472229,196.1397617340088,68.71432425581004,65.96058389532095,63.09454934136443
0,138,101.77918243408203,15460.36358742026,20962.983302686323,31873.029792188514,101.34179399013519,145.27544975280762,111.62843322753906,0.6570472685279822,0.6918759589820228,0.46770349907058806,195.46787560780842,176.89355144500732,195.97463836669922,68.9823850619256,66.3942329456038,63.4429619321604
0,139,101.34180450439453,15392.49561867984,20931.07940616206,31922.803501082228,100.88687099615733,145.32142333984376,111.49929084777833,0.6508404762101847,0.692142240909013,0.4670034219674388,195.03282718658448,176.86602268218994,195.69224967956544,69.1767524278968,66.76732984272876,63.73889601441224
0,140,100.88687133789062,15324.961812647638,20900.59576685988,31971.128134037706,100.44802113374074,145.3706220626831,111.38122901916503,0.6443788986127902,0.6919150670480649,0.466333813947334,194.50333579381308,176.76369132995606,195.35829124450683,69.31166073209549,67.06678041112556,63.992641072825016
0,141,100.4480209350586,15107.897803524982,20444.44236963863,31639.4112806002,99.96881972153982,144.67998390197755,109.83139324188232,0.6477503697592069,0.6970032521084122,0.465866826716848,196.83309001922606,179.0845380783081,197.72591037750243,70.47791630669151,68.22339909185912,65.09214359426025
0,142,99.96881866455078,14918.456796182327,20042.643686143296,31363.121370461922,99.49724531968435,144.14342231750487,108.41955432891845,0.6500079321376765,0.7019922222485194,0.46529133220226804,198.8336270014445,181.16480083465575,199.78658046722413,71.54409327923604,69.3293328595718,66.1106377583191
0,143,99.49725341796875,14756.628899716412,19706.827875190735,31153.2202042161,98.98935995896657,143.69628105163574,107.20219955444335,0.6503574505970492,0.7061989927695911,0.46448630730110574,200.37176348368328,182.88105754852296,201.4109130859375,72.4835461894397,70.34827960238508,67.025147664226
0,144,98.9893569946289,14616.24543088945,19427.84407973379,31009.156047372857,98.45339213212331,143.34683628082274,106.16463088989258,0.6490374225720646,0.7096937588543166,0.46342831356644176,201.4848876317342,184.25703811645508,202.6402099609375,73.31089457566398,71.2634857395171,67.85639668901796
0,145,98.4533920288086,14494.745980792683,19205.801504822575,30931.33789142593,97.88081386089326,143.10926971435546,105.30813503265381,0.645968278263865,0.712799652718479,0.46222301771523444,202.1961656888326,185.32466831207276,203.49459400177003,74.07584297931662,72.14734617457158,68.63626090815048
0,146,97.88081359863281,14387.57144158611,19028.76888492793,30903.76641797017,97.29434433778127,142.95665493011475,104.59133338928223,0.6415438703042412,0.7155722579848294,0.46078324974177043,202.58366765975953,186.14911460876465,204.03646430969238,74.79700657811931,72.99566145502668,69.39233489222414
0,147,97.29434967041016,14211.669498070325,18606.712801179154,30649.948320886702,96.64922991593679,142.75645141601564,102.95685596466065,0.6429443079857512,0.722595132667081,0.45947417629781817,204.70389499664307,188.46247882843016,206.2935956954956,76.04279167321526,74.28501856861993,70.63560069628737
0,148,96.64923858642578,14055.762807997196,18244.094082026124,30455.61637538327,96.10048580964407,142.62724647521972,101.67301006317139,0.6432942222528442,0.7292476503481943,0.45887295691296226,206.4875527381897,190.51276988983153,208.190256690979,77.24793681288823,75.526736635096,71.84012573602934
0,149,96.10049438476562,13956.310076098502,18120.460748134712,30472.25219656073,95.56906217734019,142.7341974258423,101.16018753051758,0.6376934116947052,0.7320581610388771,0.45757373921305444,206.56394968032836,191.08151473999024,208.38814010620118,77.91828632285012,76.26619807666033,72.58192540382622
0,150,95.56906127929688,13830.33096213533,17923.183956559846,30414.064853292,94.9977392911911,142.73582344055177,100.40541553497314,0.6337282073201898,0.7354360597174642,0.45661774189193904,207.13356472651165,192.0998052597046,209.15579891204834,78.67067866526142,77.05172611700725,73.46453310339078
0,151,94.99774169921875,13678.167258235715,17640.508869759855,30272.323688823286,94.39112864335378,142.62206954956054,99.36746063232422,0.6317138387200504,0.7397017919383814,0.45610666656031007,208.31623732248943,193.66805362701416,210.57668075561523,79.56738383664049,77.9380424823801,74.50997423754198
0,152,94.3911361694336,13547.092447484367,17504.11594134374,30241.164661782153,93.90046288967133,142.59773139953614,98.77042446136474,0.6264606179019869,0.7404404183130572,0.45510372607793076,208.35868962605795,194.22798519134523,210.94866199493407,79.97999304765993,78.426313062475,75.16280242983568
0,153,93.90045928955078,13398.937822318427,17210.588377282027,30115.987074631594,93.31856276988984,142.56454467773438,97.7279499053955,0.62649735226998,0.7473590279749059,0.4560926725607758,210.126300462087,196.25114917755127,212.88117332458495,81.22720941762086,79.62531370709996,76.44356850286044
0,154,93.31856536865234,13258.997374314085,16796.16927871224,29913.91524067808,92.72009259064993,142.48419075012208,96.27393398284912,0.6316484971238036,0.7595209330854089,0.4588131461305152,213.44107459386188,199.58337535858155,216.201194190979,83.21342307289997,81.43716765509876,78.2710195142957
0,155,92.72010040283203,13146.39929456651,16554.34024405897,29844.344311557885,92.13302177588145,142.51606845855713,95.33060436248779,0.6322385174231127,0.7674401363551773,0.46071845612086826,215.3395860036214,201.6832748413086,218.216713142395,84.5995670140173,82.78638090587958,79.62261119727297
0,156,92.13302612304688,13034.164814711316,16436.02271571996,29870.59991895328,91.48032567501068,142.6380573272705,94.81529998779297,0.6286828053823832,0.7713011562990222,0.4618819714139623,215.99915033976237,202.68444347381592,219.1126922607422,85.44369760736473,83.71904217417978,80.53774801182436
0,157,91.48033142089844,12935.44540152934,16622.261845171648,30118.586697199014,90.87196802298227,143.04163780212403,95.44244632720947,0.6164692526103973,0.7676726254555581,0.4615638528879136,213.96498187383017,201.28407039642335,217.33845653533936,85.2289341913274,83.77977891443338,80.58076706872593
0,158,90.87197875976562,12857.071881647858,16751.96091684272,30345.066229288863,90.28267228603363,143.4575922012329,95.9218318939209,0.6071608638852587,0.7678608926871711,0.4623965746824421,212.84754104614257,200.66362686157225,216.3076473236084,85.53159803642589,84.2441027191443,80.9826458018219
0,159,90.28266906738281,12790.715399317052,16773.83010880769,30527.000193830587,89.61655786037446,143.88635730743408,96.23129711151122,0.6017854354107047,0.7731041810750632,0.4656551148097098,213.02984371185303,201.16706161499025,216.43908023834229,86.5091782871218,85.26257339540533,81.8632070517927
0,160,89.6165771484375,12741.447167226952,16687.60925627505,30660.099595037802,89.01036250591278,144.26600399017335,96.22405643463135,0.6005873519796734,0.782890936043078,0.4707309714899999,214.46009721755982,202.70349082946777,217.67706966400146,88.11899193830054,86.76588864661619,83.21312317149811
0,161,89.01036071777344,12712.246352340379,17373.19329482537,31222.98158593179,88.35734775066376,145.0730218887329,99.50405502319336,0.5782093402439068,0.7703425573221948,0.4760129340723912,209.01758190790812,198.07060317993165,212.17537994384764,86.48431218334201,85.498407035172,82.00490711170964
0,162,88.35734558105469,12696.890969549186,17852.07070264936,31657.054532378075,87.93340636094412,145.71994228363036,101.82706031799316,0.5642005620085367,0.7647700334664023,0.4820714737952615,205.80746466318766,195.39423179626465,208.79769859313964,85.7562443781832,84.9850000662706,81.4921637721965
0,163,87.93341064453125,12562.433012777346,17670.639922447917,31628.44868523164,87.24205898443857,145.7935480117798,101.59750308990479,0.5651262390957983,0.772269516995612,0.48849498537391234,207.55950266520182,197.16195907592774,210.44554271698,86.92320923004424,86.09137265309006,82.62622757832207
0,164,87.2420654296875,12391.23080131247,16986.875734018915,31252.28543371877,86.68239880402884,145.4086940765381,99.20025062561035,0.5804660617346941,0.7908107262521014,0.4953504540992867,213.60387207667034,202.65741329193116,216.17325706481932,89.664938814323,88.44184196757318,85.05381499689443
0,165,86.68240356445312,12273.219289338282,16478.43039320528,30986.96953236164,86.57924071153005,145.02793102264405,97.17924842834472,0.5922056074062547,0.8030479184620896,0.5001458543354553,217.94708550771077,206.79742698669435,220.4220226287842,91.57491609589744,90.219060734615,86.80815647482302
0,166,86.5792465209961,12163.98526710897,17074.295763751164,31443.522788417155,85.61735621293386,145.72774696350098,100.10189075469971,0.5680802511071855,0.7888666236924664,0.5045687954458293,212.37599404652914,202.1271017074585,215.02880611419678,89.7342775716467,88.78787042042588,85.44336618646143
0,167,85.61735534667969,12130.346310355022,17745.988005099793,31940.631452517748,85.12243681748708,146.34998340606688,102.97660179138184,0.5446673387805824,0.7717122088924993,0.5078888508776694,206.29155578613282,197.0002540588379,209.2515926361084,87.59699635352959,87.11003971168293,83.7467676710341
0,168,85.12244415283203,12058.639742072986,17886.119974224708,32130.612936712965,84.6743908961614,146.60630397796632,103.60911674499512,0.5361148958668599,0.7678310216294792,0.5121931981991047,204.7233720143636,195.9287296295166,207.86717643737794,87.34135440248205,87.13918706363795,83.60462297109501
0,169,84.67438507080078,11892.741627907373,17465.73638654016,31971.707430929062,83.9252544482549,146.49723453521727,102.03426818847656,0.5404444487359938,0.7765588388406902,0.5175657186467537,207.52456693649293,198.85272216796875,210.90659103393554,88.87155385716949,88.82744177164197,85.09299593071432
0,170,83.92525482177734,11732.967192703927,16684.882849700436,31608.972538159396,83.71914378007253,146.20327377319336,98.69749507904052,0.558003865826551,0.7967043573863691,0.5234029634153636,213.93243611653645,205.20813617706298,217.54166812896727,92.01329273518314,92.00983027016179,88.02600450073462
0,171,83.71914672851562,11658.428202932537,16432.59876348465,31588.03924360258,83.58201940059662,146.24116401672364,97.36873893737793,0.559921487922913,0.8048868861245213,0.5270648591422393,216.21652374267578,207.7802465438843,220.08283042907715,93.68182212241322,93.84970284715607,89.66911016612775
0,172,83.58201599121094,11604.375818075923,17132.09106545934,32098.734662962554,82.58975141048431,146.90873355865477,100.36658973693848,0.5317472715464177,0.7860881795856021,0.5280518399650939,209.6955816904704,202.0842384338379,213.84950981140136,91.75075160662202,92.31612936765022,88.23639244451462
0,173,82.58975982666016,11599.187168403047,17628.29660024975,32471.893367040924,82.29214430650076,147.38246555328368,102.26861343383788,0.5148854318785255,0.7734907084711129,0.5290144829642287,205.41207752227783,198.26418991088866,209.73659133911133,90.5038839746633,91.3258456133575,87.24451649501897
0,174,82.29215240478516,11412.451165350072,17367.561116960405,32295.10329875804,81.80914641221365,146.98394813537598,101.23609313964843,0.5153101216264877,0.7723599616188284,0.5306047580669383,206.76255486806232,199.37263774871826,211.45649642944335,90.70290276850125,91.70373409251712,87.53308411348226
0,175,81.80915069580078,11216.933959259233,16935.619473188275,32042.3421615666,81.26532990932465,146.4704065322876,99.44683647155762,0.5206932410804282,0.7755249849516656,0.5322729177973167,209.6784916559855,201.79360809326172,214.80906257629394,91.43134977746193,92.68199546913547,88.31406131464058
0,176,81.26533508300781,11053.764051757116,16379.827347935987,31734.63102420047,81.08575863043467,145.99405879974364,96.93399448394776,0.5328194465142593,0.7839290650749551,0.5338984927493604,214.2336228688558,205.49713630676268,219.75020961761476,92.66086788199189,94.22707119050861,89.57868441297168
0,177,81.08576202392578,11021.275899775443,16810.318235845632,32047.19037394823,80.50761067867279,146.53543224334717,98.95961208343506,0.5178325503842878,0.7727660170341856,0.5349788496198427,210.39440752665203,201.67934379577636,215.94560718536377,91.1571493587206,92.87646771203843,88.09174394768641
0,178,80.50761413574219,11058.075964177808,17358.152653104178,32489.365074389683,80.23589656352996,147.49437294006347,101.3315673828125,0.5025079831541931,0.7642011191012201,0.5361976442954454,206.1576205253601,197.59876537322998,211.58289489746093,89.85941571660427,91.6040599760868,86.78922382408368
0,179,80.23590850830078,10909.128714171984,17092.251383760005,32350.926936691045,79.70667382081349,147.2728597640991,100.33756828308105,0.5067274532561183,0.7681778191209125,0.5390537673403613,208.4929279645284,199.39136772155763,213.96195335388182,90.53944435456303,92.38338394309999,87.6152863230326
0,180,79.70668029785156,10750.070686931904,16457.472656153474,31987.203867279004,79.51008565425873,146.57034130096434,97.66020202636719,0.5240020103303099,0.7801703698660168,0.5428642550141234,214.26694005330404,204.27174186706543,219.86935653686524,92.49449434017536,94.38846767050978,89.72642683029761
0,181,79.51009368896484,10707.079038347416,16830.526352758367,32295.233303693607,78.88769671916961,147.2568775177002,99.2239782333374,0.5098085180467643,0.7746541975750203,0.5446506581713958,211.2844515800476,201.54394969940185,216.75498752593995,91.908963474231,93.67672958254862,89.25092786493894
0,182,78.88770294189453,10728.42972957464,17343.037592460856,32751.177260001346,78.48289779822032,148.23177261352538,101.38414077758789,0.4927631939473875,0.7698385540749411,0.5466873601183496,207.57384567260743,198.26683673858642,212.84005737304688,91.56232648046199,93.06218391610724,88.95879411253229
0,183,78.48289489746094,10663.75471860546,17338.326606667688,32854.51848270127,77.99528011480967,148.49858207702636,101.29505767822266,0.49015867053168,0.7734594923060996,0.549453396948395,208.1034891764323,198.6845220565796,213.27358169555663,92.51482289387579,93.75464577650109,89.96395926362807
0,184,77.99528503417969,10533.477994909968,16901.07307636979,32649.06958417186,77.50806545416513,148.100390625,99.36981143951417,0.49968936223356086,0.7841452239689035,0.5533906015169201,212.37109711964925,202.32157382965087,217.4905897140503,94.53957945486441,95.54214004170034,92.01934385197245
0,185,77.50807189941406,10508.865560722123,17400.31168527475,33038.75185113472,77.14285352230073,148.87922115325927,101.39263896942138,0.4845255024063247,0.7767532796652427,0.5560238924181,208.38452752431235,198.86675758361815,213.37591342926027,93.75240239282527,94.66846226134605,91.33776250945196
0,186,77.14286041259766,10391.762668478543,17414.500564935697,33062.070470281025,76.66395080089569,148.87914333343505,101.30614891052247,0.4825228365214557,0.776013111431476,0.5604242210562214,208.47761901219687,198.88766136169434,213.41413459777831,93.87669730872823,94.8644843071038,91.5659457730057
0,187,76.66395568847656,10152.870723347329,16680.01311749404,32546.910810551508,76.31729886531829,147.71897468566894,98.58155956268311,0.5026924627415557,0.7857096295033901,0.5684656090750823,214.73553657531738,204.17455730438232,219.77539691925048,95.57330183178715,96.66122960118807,93.34720100828375
0,188,76.31730651855469,10066.546724646605,17173.063849116123,32853.498869845105,75.61548421382903,148.19001808166504,100.03983459472656,0.4840031513236848,0.7734145817638249,0.5689981598025843,210.020255279541,200.02352199554443,214.87586822509766,93.98787314824823,95.17087032409087,91.93076739499695
0,189,75.61549377441406,9949.411087510383,17192.310426252523,32848.03016066175,75.19039885997772,148.0221773147583,99.91954383850097,0.47956843325724713,0.7703031451697104,0.5717729803154055,209.62950728734333,199.58837814331054,214.35663414001465,93.91468748878837,95.06999363897589,91.98364250169578
0,190,75.19039916992188,9775.41385057929,16755.099725897653,32581.09767279516,74.81172037919363,147.3648468017578,98.17477226257324,0.486912880013028,0.7759336186834599,0.5762600674277754,213.2324676513672,202.68411960601807,218.02707481384277,95.31046309541364,96.49031980876117,93.56717754122076
0,191,74.81172180175781,9708.484049253278,16774.617284432043,32707.66913966373,74.27665587266286,147.61831855773926,98.05598049163818,0.48052541916691976,0.7781621086446089,0.5789148499306014,213.43335310618082,202.87454204559327,218.1632448196411,96.2288737021242,97.3654836396492,94.56895340548562
0,192,74.27666473388672,9879.395922978094,17937.110180130505,33582.167976171826,75.29207462469736,149.33567142486572,101.94416160583496,0.45930623557391576,0.7631843443104418,0.5759826560531649,204.36870778401692,195.00818939208983,208.68602409362794,94.50446454898359,95.41569607812553,92.90576097493297
0,193,75.29207611083984,9496.42197018227,16924.464609837763,32783.66139331379,73.2618849515915,147.57155990600586,98.161350440979,0.4671546836945292,0.771741116112296,0.5813071999335897,212.10999002456666,201.4133409500122,216.54284420013428,96.04642983486703,96.95366792582158,94.59730945286819
0,194,73.26188659667969,9274.419149434249,16150.371805068335,32194.835495003637,73.40978098710379,146.27860317230224,96.39221000671387,0.48936791550704256,0.7810623800071772,0.5915390117586211,218.95744094848632,206.99329948425293,223.4308696746826,97.34049616096448,98.35222256733562,95.97163252775924
0,195,73.40978240966797,9153.31442016511,16436.567584680102,32314.48921138338,72.41664931774139,146.35218296051025,96.87688579559327,0.4742191665595899,0.7716470231178303,0.5894298657502158,216.0684547106425,204.22499923706056,220.31084384918213,96.30362968491318,97.02678875247014,94.95998263316574
0,196,72.41665649414062,9136.873382884998,17203.07048992101,32736.92979924623,72.5992678085963,147.04405689239502,99.17475490570068,0.45525149827091205,0.7562092391102685,0.5888493172376916,209.5655471165975,198.27959594726562,213.3755449295044,94.2378882005882,94.40736472937188,92.81526711560431
0,197,72.59927368164062,8867.010671104113,16651.22301811438,32218.301706043443,71.69703303178152,145.957515335083,97.05285549163818,0.46546850935956,0.7601744258874665,0.5946851192105733,214.09393920898438,201.85261516571046,217.83364276885987,94.8746715745699,94.89073884370052,93.65410316242391
0,198,71.6970443725586,8650.42513847217,15860.77235300068,31561.089461207623,71.26068173249563,144.95517711639405,95.25877513885499,0.4880019391495577,0.7739717988701076,0.6088059120029115,221.69226299921672,208.22345542907715,225.56196002960206,96.62309267267153,96.70338254850196,95.80366537385396
0,199,71.26068878173828,8522.429857508858,15787.00420574882,31444.827343639896,70.71506872971852,144.71348171234132,94.89291801452637,0.4856935108774269,0.7756119694785297,0.6140036241758192,223.09101365407307,209.38322486877442,226.95699653625488,97.41852430019703,97.23984264620441,96.88370882053832
0,200,70.71507263183594,8456.87527907757,16643.29707819942,31979.03556681175,70.30213172435761,145.36140880584716,96.69013786315918,0.45428971309625704,0.7578059486387871,0.608005062836013,215.5175712267558,202.81704750061036,219.12392082214356,96.15163015512417,95.23480336803611,95.73841129838488
0,201,70.30213928222656,8351.059872287264,16812.02329615234,32012.877042792243,69.97065042654673,145.27436752319335,97.10712413787842,0.4474448761607571,0.7545318748686152,0.6123290061764688,214.81778071721394,202.17478733062745,218.30735569000245,96.50712199258669,95.17522779493697,96.36520512176727
0,202,69.97065734863281,8144.784165866891,16151.957484020571,31435.538286427756,68.88361868063609,144.3524995803833,95.0704330444336,0.4611256815008787,0.7675193284017127,0.6239966718606981,221.93780069351197,208.2399772644043,225.51076126098633,98.64621318677902,97.30607978287557,98.90744939944878
0,203,68.88362884521484,8078.927798437875,15478.62421873472,30846.0094192981,69.35870734055837,143.22125644683837,93.14057922363281,0.48841412553776664,0.7829536868077713,0.6408156843639452,230.55069484710694,215.47894821166992,234.24823684692382,100.99258877345356,99.74127740708936,101.62433842647087
0,204,69.35871124267578,7896.046413573387,16294.117440730075,31286.938747987046,67.83992666403452,143.62420654296875,95.22612438201904,0.44996761028307625,0.7594439094138785,0.6334059283713629,221.81517248153688,207.3419511795044,224.98065357208253,98.94138242675666,96.77585265436727,99.55576526934719
0,205,67.83993530273438,7941.8478313462065,17366.84443361941,31946.770074468328,68.67042583624522,144.20224781036376,99.00250053405762,0.4280796724823229,0.7346603891484395,0.6310514387449571,212.50465342203776,198.4986770629883,215.00750389099122,96.3636760537346,93.20742943000292,96.58606997495733
0,206,68.6704330444336,7658.8791671406525,16630.36107035447,31222.559584816383,67.14737648169199,143.044358253479,96.33758869171143,0.4387945195386792,0.741961702573726,0.638787831063266,219.15338096618652,203.5952926635742,221.62855205535888,97.29602936500972,94.01626950977386,97.5467761775183
0,207,67.14738464355469,7508.303016986409,15803.873608496444,30514.125984566206,67.05859242280324,141.83468074798583,93.76658821105957,0.4661548329955662,0.755897914450283,0.6498599835478123,227.9999873797099,210.83950157165526,230.68826484680176,99.21258115217397,96.38534516949707,99.75402020115499
0,208,67.05859375,7424.774305595265,15715.200170845656,30441.761716690125,66.64404272238413,141.63271541595458,93.37744998931885,0.46648916982272765,0.7574822046266572,0.6528720054253765,229.8078564008077,212.06084022521972,232.517506980896,99.95767032020181,97.2039875131801,100.57220214565397
0,209,66.64404296875,7322.78687915348,16202.251897131637,30882.036806958145,65.77026460170745,142.31860065460205,94.9014934539795,0.441710700554513,0.7478059702253388,0.6484235868757163,225.24072297414145,207.83539581298828,227.76849098205565,99.68696927876098,96.55798714576066,100.14243215535963
0,210,65.770263671875,7287.609670854388,16683.050553148427,31367.358467705344,65.36548904577892,143.0243595123291,96.25495929718018,0.4204000538310188,0.7400307321302764,0.6433118919347733,221.12543570200603,204.12439098358155,223.55627117156982,99.74105792872831,96.40467780759184,100.18945206572704
0,211,65.36549377441406,7230.880820829651,16762.953535401823,31579.226044708303,64.86132810115814,143.33946857452392,96.32618637084961,0.4130380931081723,0.7419318644571278,0.6431620898904968,221.2377618789673,204.26715545654298,223.8005172729492,101.01042849667266,97.86916886503954,101.73370096945567
0,212,64.861328125,7156.757958897681,16239.720780646201,31286.46485965175,64.21650477250417,142.88795833587648,94.94323825836182,0.4253909171415108,0.7575241595600986,0.6516584457408828,228.3054547627767,210.39180488586425,231.15173091888428,103.7830484683329,101.29686353651894,105.0511974072847
0,213,64.21650695800781,7101.4714969191355,16012.077830778882,31122.97222140641,63.97064843972524,142.78123168945314,94.50165405273438,0.43157668644870084,0.7642114356732818,0.6584282630139308,232.05462304751077,213.24237461090087,234.7518394470215,105.19947309583505,102.76492169188677,106.79577598415771
0,214,63.97064971923828,6945.773795702497,16639.47851007354,31547.409324835997,62.898251001040144,142.7144506454468,95.5804542541504,0.40367286318681456,0.7428365937471596,0.6509749272959866,224.50393619537354,205.744469833374,226.343408203125,103.36965621613162,99.5997334677496,104.58080362139148
0,215,62.89825439453125,6847.467294475389,16519.35211674253,31313.755631501022,62.386799200375876,142.08450908660888,95.27749481201172,0.40528808523557314,0.7393063714366467,0.6549695485460212,226.11891458829243,205.92262840270996,227.35148239135742,103.12750118290005,98.65983950225399,104.09954234701524
0,216,62.386802673339844,6785.145236578242,16964.26322064078,31553.044422380994,62.10495084921519,142.22455730438233,96.7642936706543,0.3913566045347127,0.7250251199241111,0.6520909784611767,222.16461820602416,201.36326637268067,222.82199783325194,101.92005145663515,96.39201487864499,102.59024142906001
0,217,62.104957580566406,6696.121433757654,16440.839889357077,31103.50390175667,61.60791655381521,141.39338645935058,95.02303829193116,0.40447400466452516,0.7354862129489624,0.6589407523344953,228.8199591954549,206.706130027771,229.61061191558838,104.26675577015767,99.04899382512434,105.27369959327235
0,218,61.60791778564453,6609.2212935775915,16732.840010835356,31370.779354193633,60.70650537014008,141.7718946456909,95.82559490203857,0.38614242853285297,0.7299498322666792,0.6547688774648474,226.80870507558186,204.69130210876466,227.74199237823487,105.03632874811818,99.62052840026304,106.23195480285953
0,219,60.706504821777344,6539.879799843515,16851.80897075936,31543.84662207372,60.03283263047536,142.25634574890137,96.39413223266601,0.3780868837343831,0.7305633680892692,0.6543235365224794,226.82341372172039,204.62208080291748,228.04808349609374,106.4074865837932,101.13659523522584,107.87910144460646
0,220,60.032840728759766,6481.347372625668,16769.367578381494,31451.042084988334,59.592886392275496,142.41159019470214,96.70950889587402,0.3782610368555873,0.7340187487054308,0.6583583646883924,229.33738950093587,206.4350088119507,230.77642097473145,107.6369682272221,102.56033275916178,109.3084815439245
0,221,59.592891693115234,6417.1823381095455,17534.562768022577,32042.073204651235,59.895317339897154,142.44798774719237,98.24886894226074,0.3621303641586993,0.7135735401877004,0.6506540669440717,221.92382955551147,199.25528469085694,222.8875415802002,106.02606412602346,99.8245523983584,107.03891463699122
0,222,59.89531707763672,6409.248970169364,16627.360889506745,31129.442770650658,59.80239288806915,142.3234676361084,96.92632942199707,0.39534012274651786,0.739914570094903,0.6719445017489621,235.12673207918803,210.18704204559327,236.419429397583,109.22368431218851,104.05158501441001,111.02595834963115
0,223,59.80239486694336,6243.4908639875075,16988.36017836943,31374.05126498653,58.348368016878766,142.18650798797609,97.64890155792236,0.37984187974713807,0.7263901509351747,0.6707449111334769,231.09903573989868,205.7617572784424,231.67944240570068,108.12027748872808,101.86288980984264,109.31134110503898
0,224,58.3483772277832,6161.21074022897,17943.593071914376,32189.958941944107,58.82762978076935,142.1738971710205,99.51731338500977,0.3588303237542096,0.701092739792904,0.6650449679771507,221.45174059867858,196.45402812957764,220.93255844116212,105.81143444529292,97.88806696506406,105.90492977028008
0,225,58.827632904052734,6074.715695759084,17156.506588640612,31492.7272025213,56.928373535474144,142.22557258605957,97.85626678466797,0.37609939150075017,0.7233018062661531,0.6835086247511816,231.68479789098103,204.75445156097413,231.16171264648438,108.65419903330202,101.36759659158511,109.30254143536105
0,226,56.92837142944336,6064.101567213529,16996.017042912663,31390.586664533846,57.119144558906555,142.51185054779052,97.60064735412598,0.3860244575103563,0.7334256461713673,0.6963024510748885,235.71643220583599,207.87756538391113,234.88953742980956,110.35300960991586,103.03924638434627,111.09187644060488
0,227,57.119144439697266,5923.409140359287,17989.627732514666,32353.729277443676,56.71102832953135,142.80261058807372,99.3888671875,0.3509855217789272,0.707659031525856,0.6842351510420124,224.60819199879964,197.88603248596192,223.10306396484376,108.57326325781098,99.86381567128379,108.3837395095289
0,228,56.711029052734375,5846.166077166453,17831.80176647893,32259.00794262439,55.65930989583333,142.94940357208253,99.39628658294677,0.34688253153743465,0.7122265467785504,0.68616508825565,227.11509382724762,199.75751113891602,225.6941385269165,110.05086755927962,101.70351183463544,110.27515648427648
0,229,55.6593132019043,5943.414773130657,17054.556993929822,31489.522141759448,56.181430792808534,142.83111839294435,98.14210643768311,0.3706959413056383,0.7347387712560316,0.6976522083084115,238.28033102353413,209.02107219696046,237.40078296661378,113.16970503803134,106.01067194527477,114.49852459087833
0,230,56.18143081665039,5704.736965195466,17745.973957068076,32148.050927124277,55.009982005755106,142.71095523834228,99.59453125,0.34787722024829076,0.7078411361121419,0.6788980488153857,228.68831405639648,200.18108139038085,227.25864334106444,111.09298997853391,102.99698586727162,111.89388024678172
0,231,55.009979248046875,5637.459726549356,18443.144356791487,32670.287266497548,55.92316404978434,142.38822689056397,101.1394926071167,0.33930126677954225,0.6857057723258995,0.6685586155792459,221.62603851159415,193.41778297424315,219.6294542312622,109.14380387223181,99.99939229868245,109.43435612451421
0,232,55.92316818237305,5610.6050559345495,17342.86815148418,31507.009040287718,54.292254813512166,141.97223720550537,99.04909372329712,0.35555077239447747,0.7105169673617245,0.6863150235784755,234.70659997463227,204.31944999694824,233.16670751571655,112.35911016452897,104.13252692529782,113.43337145738542
0,233,54.29225540161133,5679.009754474255,16979.042230465955,31055.468146608833,55.476660799980166,141.7691068649292,98.455295753479,0.371838950376902,0.7227013246953244,0.6997576711201139,240.99581141471862,209.64759788513183,239.65899715423583,114.15706656760308,106.19142099898413,115.63060943014642
0,234,55.476661682128906,5351.328377807115,18354.964532163318,32282.80258740097,54.08429061571757,141.6867998123169,101.15513963699341,0.3302802928837842,0.6794090245412706,0.6820064457699275,223.47469956874846,194.09561996459962,221.0416308403015,109.845281518009,99.3436192473433,109.85970339696841
0,235,54.08429718017578,5241.744282504199,18042.620201975755,31911.570079987556,53.03792616526286,141.31175994873047,100.81409568786621,0.33091961071736503,0.6838839625599358,0.6935231948817329,226.6925659418106,196.83721561431884,224.2327465057373,110.68408297147354,99.91330277990288,110.71788163589845
0,236,53.037925720214844,5287.119079263824,17108.90179139394,30994.668729539262,52.954371158281965,141.05174598693847,99.1777889251709,0.359445098460832,0.7094161863070292,0.7136362162590689,238.58330966631573,207.27808971405028,236.35233421325682,113.52290732053008,103.96477443744072,114.54550912890403
0,237,52.95437240600586,5124.905040082168,17356.660662736707,31150.909967800166,52.000965030988056,140.76231727600097,99.68077144622802,0.3474272106228669,0.696527691644454,0.7095260591511376,235.0837713241577,203.73639965057373,232.50209140777588,112.63132105476618,102.24344554888212,113.1565023369763
0,238,52.00096893310547,5014.696271109638,17985.832081594363,31698.54730213252,51.624039975802106,141.02630386352538,100.6928014755249,0.32718452093189054,0.6782885568704904,0.6986194297213125,228.02209679285684,196.97973804473878,224.96999912261964,111.03069819006755,99.46310374871527,110.8017854050915
0,239,51.62404251098633,4982.721949635006,18347.396508748192,32067.65126252456,52.04508585135142,141.55808544158936,101.20196628570557,0.3211578257861883,0.6721002955631478,0.69244783429886,224.77722686131796,193.9463954925537,221.38690547943116,110.59331988677307,98.65968943847102,110.19374345104453
0,240,52.04508590698242,5057.686755469882,17264.257331207602,31069.211018022957,51.09503352642059,141.0934076309204,99.44174823760986,0.346034409384928,0.7023196718350746,0.7097875049107711,238.82646576563516,206.34414520263672,236.07436275482178,114.48636741249528,104.55734555344537,115.41963657950154
0,241,51.09503936767578,4903.340812521791,17754.69634835289,31631.73655438139,49.78959430058797,141.311439704895,100.22939586639404,0.3224639825896666,0.6882960523020302,0.6981136774114177,232.46988257567088,200.7169044494629,229.25681018829346,113.51187326268317,102.9718827531708,114.1795233959695
0,242,49.78959655761719,4846.708664824139,18025.032426082173,32045.275711266895,49.76753570238749,142.20092239379883,100.58248977661133,0.31680285213839704,0.6876914812259051,0.6931299444700525,229.69063924948375,198.7056276321411,226.22836990356444,113.7415855373852,103.1623028637767,114.50120063937435
0,243,49.767539978027344,4959.347655987627,17355.94525022008,31407.149150158795,49.98819031715393,142.48038902282715,99.35350379943847,0.3378857720323955,0.7151872216882801,0.7102041459474736,239.8347890297572,208.41136684417725,236.5290325164795,116.75317733221051,107.24896174527908,118.30503905392132
0,244,49.98819351196289,4753.273062723974,17985.31488097713,31926.205883387924,48.771993446350095,142.91291065216063,100.44853115081787,0.31844102495055626,0.6983238789850933,0.7003610552683651,231.91116500695546,201.20508575439453,227.88683643341065,115.15255593607765,104.01967859625915,116.0625713017846
0,245,48.77199172973633,4677.745084338527,18212.849115106572,31907.533368469904,48.50039393901825,143.05450077056884,100.76550130844116,0.31450406735154135,0.69292845664173,0.7002626657615942,230.40665095647176,199.18871841430663,225.80494089126586,114.44281098685343,102.13744010792807,114.96237355472819
0,246,48.500396728515625,4758.487315124588,17603.665250745682,30982.8548879406,48.36244045098623,141.779056930542,99.59901733398438,0.33511658166672104,0.7063777423962938,0.7156595392785026,239.8801301161448,206.84778270721435,235.03713912963866,115.99811092037422,103.80651616644046,116.75054708481804
0,247,48.36244583129883,4539.634442008765,18398.169402984437,31626.955283827985,47.57053469022115,142.50926837921142,101.16384353637696,0.30900572934225873,0.6829431050488464,0.7041077840023273,230.3878629763921,197.38324127197265,224.94281463623048,113.52682381285068,99.22771517661039,113.20538051826915
0,248,47.57053756713867,4452.256688164829,18617.44294706098,31796.995656247727,47.6362620751063,142.46216888427733,101.75783634185791,0.3006526605192581,0.674403594250391,0.7002715757128612,228.0875874519348,194.73966312408447,222.54376049041747,113.081937818675,98.09323410051283,112.54636762141551
0,249,47.63626480102539,4579.345117155278,17540.32894171046,30591.729709125077,48.141769464810686,140.70658073425292,99.97929439544677,0.3317834128629393,0.6975713646820083,0.7205782320192864,241.85424087842304,206.73983669281006,236.78466815948485,116.66659485246083,102.78930536923194,117.01396905983972
0,250,48.14176559448242,4416.564692706187,17726.443481152848,30854.106829548913,46.62784861723582,141.10157947540284,100.44953212738037,0.31417770667912864,0.6922979802405458,0.7171691826652024,238.71091405550638,204.1313919067383,233.5184144973755,116.64462809462314,102.17731010309402,116.7762554352531
